Trial: 251 estimated 33, Trial: 251 actual 33, 
3.84171e-09, 0.486328, 
1.26776e-07, 0, 
4.1836e-06, 0, 
0.00013804, 0, 
0.00453525, 0, 
0.129403, 0, 
0.0506536, 0, 
0.316749, 0, 
5.31867e-05, 0, 
0.00175218, 0, 
0.0546663, 0, 
0.29851, 0, 
0.000116457, 0, 
0.0038288, 0, 
0.111754, 0, 
0.0831456, 0, 
0.170595, 0, 
0.0141585, 0, 
0.296045, 0, 
0.000129212, 0, 
0.00424639, 0, 
0.122291, 0, 
0.0621049, 0, 
0.263376, 0, 
0.000490856, 0, 
0.0159457, 0, 
0.314607, 0, 
5.83924e-05, 0, 
0.00192335, 0, 
0.0596784, 0, 
0.274901, 0, 
0.000309319, 0, 
0.010107, 0, 
0.240968, 0, 
0.00117165, 0, 
0.0372407, 0, 
0.364837, 0, 
5.92843e-06, 0, 
0.000195601, 0, 
0.00641456, 0, 
0.172285, 0, 
0.0133951, 0, 
0.287108, 0, 
0.000187639, 0, 
0.00615502, 0, 
0.166702, 0, 
0.0160719, 0, 
0.315798, 0, 
5.544e-05, 0, 
0.00182628, 0, 
0.056843, 0, 
0.288323, 0, 
0.000178423, 0, 
0.00585445, 0, 
0.160103, 0, 
0.0198677, 0, 
0.344963, 0, 
1.50245e-05, 0, 
0.00049557, 0, 
0.0160965, 0, 
0.316028, 0, 
5.48876e-05, 0, 
0.00180811, 0, 
0.0563104, 0, 
0.290828, 0, 
0.000160769, 0, 
0.00527815, 0, 
0.147044, 0, 
0.0298956, 0, 
0.373519, 0, 
3.90738e-06, 0, 
0.000128927, 0, 
0.00423708, 0, 
0.122059, 0, 
0.0625129, 0, 
0.261441, 0, 
0.000529932, 0, 
0.0171936, 0, 
0.325729, 0, 
3.58158e-05, 0, 
0.00118057, 0, 
0.0375136, 0, 
0.364192, 0, 
6.11341e-06, 0, 
0.000201703, 0, 
0.00661338, 0, 
0.176491, 0, 
0.0116579, 0, 
0.264343, 0, 
0.000472377, 0, 
0.0153545, 0, 
0.308821, 0, 
7.50102e-05, 0, 
0.0024694, 0, 
0.0752913, 0, 
0.202963, 0, 
0.0047124, 0, 
0.133694, 0, 
0.0446797, 0, 
0.341501, 0, 
1.76062e-05, 0, 
0.000580678, 0, 
0.0188095, 0, 
0.338063, 0, 
2.05893e-05, 0, 
0.000678999, 0, 
0.0219252, 0, 
0.355929, 0, 
9.03131e-06, 0, 
0.000297947, 0, 
0.00973894, 0, 
0.234972, 0, 
0.00146962, 0, 
0.0462679, 0, 
0.335304, 0, 
2.33289e-05, 0, 
0.00076928, 0, 
0.0247687, 0, 
0.366321, 0, 
5.52334e-06, 0, 
0.000182238, 0, 
0.00597888, 0, 
0.162852, 0, 
0.0181961, 0, 
0.333645, 0, 
2.51413e-05, 0, 
0.000828996, 0, 
0.0266404, 0, 
0.370511, 0, 
4.51794e-06, 0, 
0.000149071, 0, 
0.00489592, 0, 
0.138083, 0, 
0.0392236, 0, 
0.359729, 0, 
7.55314e-06, 0, 
0.000249194, 0, 
0.00815806, 0, 
0.207138, 0, 
0.00406533, 0, 
0.11776, 0, 
0.0705165, 0, 
0.22415, 0, 
0.00219755, 0, 
0.0675895, 0, 
0.237587, 0, 
0.00133178, 0, 
0.0421139, 0, 
0.350738, 0, 
1.15061e-05, 0, 
0.000379561, 0, 
0.0123743, 0, 
0.274151, 0, 
0.000318843, 0, 
0.010415, 0, 
0.245851, 0, 
0.000972317, 0, 
0.031103, 0, 
0.373422, 0, 
3.92573e-06, 0, 
0.000129533, 0, 
0.0042569, 0, 
0.122552, 0, 
0.0616475, 0, 
0.265547, 0, 
0.000450297, 0, 
0.0146472, 0, 
0.301442, 0, 
0.000102847, 0, 
0.00338281, 0, 
0.100161, 0, 
0.112845, 0, 
0.0807189, 0, 
0.180233, 0, 
0.0102905, 0, 
0.243892, 0, 
0.00104809, 0, 
0.0334455, 0, 
0.371616, 0, 
4.28358e-06, 0, 
0.000141339, 0, 
0.00464313, 0, 
0.132022, 0, 
0.0469284, 0, 
0.332634, 0, 
2.63108e-05, 0, 
0.000867525, 0, 
0.0278442, 0, 
0.372217, 0, 
4.16112e-06, 0, 
0.000137299, 0, 
0.00451099, 0, 
0.128811, 0, 
0.0515304, 0, 
0.312843, 0, 
6.30421e-05, 0, 
0.00207619, 0, 
0.0641059, 0, 
0.253902, 0, 
0.000712273, 0, 
0.0229751, 0, 
0.360373, 0, 
7.32708e-06, 0, 
0.000241737, 0, 
0.00791585, 0, 
0.202565, 0, 
0.00477895, 0, 
0.135292, 0, 
0.0426195, 0, 
0.349003, 0, 
1.24702e-05, 0, 
0.000411353, 0, 
0.0133971, 0, 
0.287131, 0, 
0.000187455, 0, 
0.00614901, 0, 
0.166571, 0, 
0.01614, 0, 
0.316434, 0, 
5.39216e-05, 0, 
0.00177635, 0, 
0.0553774, 0, 
0.295198, 0, 
0.0001339, 0, 
0.00439982, 0, 
0.126086, 0, 
0.0557411, 0, 
0.293497, 0, 
0.000143799, 0, 
0.00472359, 0, 
0.133963, 0, 
0.0443265, 0, 
0.342833, 0, 
1.65661e-05, 0, 
0.000546391, 0, 
0.0177183, 0, 
0.329982, 0, 
2.96333e-05, 0, 
0.00097697, 0, 
0.0312472, 0, 
0.373371, 0, 
3.93549e-06, 0, 
0.000129855, 0, 
0.00426744, 0, 
0.122814, 0, 
0.0611922, 0, 
0.26771, 0, 
0.000413086, 0, 
0.0134528, 0, 
0.287805, 0, 
0.000182296, 0, 
0.00598077, 0, 
0.162894, 0, 
0.0181718, 0, 
0.333463, 0, 
2.53474e-05, 0, 
0.000835788, 0, 
0.0268528, 0, 
0.370866, 0, 
4.44137e-06, 0, 
0.000146544, 0, 
0.00481334, 0, 
0.136115, 0, 
0.041592, 0, 
0.352482, 0, 
1.06097e-05, 0, 
0.00035, 0, 
0.0114213, 0, 
0.26097, 0, 
0.000539874, 0, 
0.0175106, 0, 
0.328327, 0, 
3.19055e-05, 0, 
0.00105181, 0, 
0.0335602, 0, 
0.371477, 0, 
4.31238e-06, 0, 
0.000142289, 0, 
0.00467421, 0, 
0.132773, 0, 
0.0459063, 0, 
0.336744, 0, 
2.18585e-05, 0, 
0.000720827, 0, 
0.0232447, 0, 
0.361395, 0, 
6.98105e-06, 0, 
0.000230323, 0, 
0.00754484, 0, 
0.195395, 0, 
0.00613875, 0, 
0.166348, 0, 
0.016257, 0, 
0.317517, 0, 
5.14296e-05, 0, 
0.00169438, 0, 
0.0529613, 0, 
0.306366, 0, 
8.33553e-05, 0, 
0.0027434, 0, 
0.0829133, 0, 
0.171503, 0, 
0.0137436, 0, 
0.291265, 0, 
0.000157865, 0, 
0.00518329, 0, 
0.144843, 0, 
0.03198, 0, 
0.372985, 0, 
4.00965e-06, 0, 
0.000132302, 0, 
0.00434751, 0, 
0.124797, 0, 
0.0578366, 0, 
0.283633, 0, 
0.000216579, 0, 
0.00709772, 0, 
0.186484, 0, 
0.00833437, 0, 
0.210414, 0, 
0.00361717, 0, 
0.106297, 0, 
0.0962088, 0, 
0.124712, 0, 
0.0579767, 0, 
0.28297, 0, 
0.000222561, 0, 
0.0072924, 0, 
0.1904, 0, 
0.00729177, 0, 
0.190388, 0, 
0.00729492, 0, 
0.19045, 0, 
0.00727923, 0, 
0.190137, 0, 
0.00735783, 0, 
0.191704, 0, 
0.00697273, 0, 
0.183939, 0, 
0.00908467, 0, 
0.223868, 0, 
0.00222044, 0, 
0.0682434, 0, 
0.23456, 0, 
0.00149254, 0, 
0.0469552, 0, 
0.332525, 0, 
2.64401e-05, 0, 
0.000871785, 0, 
0.0279771, 0, 
0.372361, 0, 
4.13228e-06, 0, 
0.000136347, 0, 
0.00447987, 0, 
0.12805, 0, 
0.0526769, 0, 
0.307662, 0, 
7.88426e-05, 0, 
0.00259525, 0, 
0.0788096, 0, 
0.18805, 0, 
0.00790168, 0, 
0.202295, 0, 
0.00482458, 0, 
0.136384, 0, 
0.0412615, 0, 
0.353561, 0, 
1.00893e-05, 0, 
0.000332838, 0, 
0.0108673, 0, 
0.252802, 0, 
0.000743415, 0, 
0.0239558, 0, 
0.363871, 0, 
6.20724e-06, 0, 
0.000204798, 0, 
0.00671419, 0, 
0.178601, 0, 
0.0108677, 0, 
0.252808, 0, 
0.000743252, 0, 
0.0239506, 0, 
0.363855, 0, 
6.21218e-06, 0, 
0.000204961, 0, 
0.00671949, 0, 
0.178711, 0, 
0.0108277, 0, 
0.252204, 0, 
0.000760904, 0, 
0.0245056, 0, 
0.365571, 0, 
5.72445e-06, 0, 
0.000188872, 0, 
0.00619522, 0, 
0.167574, 0, 
0.0156238, 0, 
0.311499, 0, 
6.6822e-05, 0, 
0.00220041, 0, 
0.0676713, 0, 
0.237207, 0, 
0.00135099, 0, 
0.042695, 0, 
0.34874, 0, 
1.26229e-05, 0, 
0.000416388, 0, 
0.0135589, 0, 
0.289078, 0, 
0.000172912, 0, 
0.00567462, 0, 
0.156086, 0, 
0.0225643, 0, 
0.358722, 0, 
7.92043e-06, 0, 
0.000261308, 0, 
0.00855135, 0, 
0.214386, 0, 
0.00313624, 0, 
0.0935985, 0, 
0.133058, 0, 
0.0455231, 0, 
0.338251, 0, 
2.04145e-05, 0, 
0.000673239, 0, 
0.0217432, 0, 
0.355083, 0, 
9.39665e-06, 0, 
0.000309996, 0, 
0.0101289, 0, 
0.241319, 0, 
0.00115609, 0, 
0.0367647, 0, 
0.365916, 0, 
5.63108e-06, 0, 
0.000185792, 0, 
0.00609479, 0, 
0.165391, 0, 
0.0167681, 0, 
0.322099, 0, 
4.20563e-05, 0, 
0.00138599, 0, 
0.0437521, 0, 
0.34496, 0, 
1.50264e-05, 0, 
0.000495633, 0, 
0.0160984, 0, 
0.316046, 0, 
5.48429e-05, 0, 
0.00180664, 0, 
0.0562673, 0, 
0.29103, 0, 
0.000159418, 0, 
0.00523402, 0, 
0.146022, 0, 
0.0308478, 0, 
0.373492, 0, 
3.91237e-06, 0, 
0.000129092, 0, 
0.00424248, 0, 
0.122194, 0, 
0.0622763, 0, 
0.262563, 0, 
0.000506925, 0, 
0.0164593, 0, 
0.319359, 0, 
4.74421e-05, 0, 
0.00156322, 0, 
0.0490672, 0, 
0.323668, 0, 
3.92401e-05, 0, 
0.0012933, 0, 
0.0409476, 0, 
0.354566, 0, 
9.62645e-06, 0, 
0.000317575, 0, 
0.010374, 0, 
0.245208, 0, 
0.000996593, 0, 
0.0318548, 0, 
0.373065, 0, 
3.99406e-06, 0, 
0.000131787, 0, 
0.00433068, 0, 
0.124381, 0, 
0.0585268, 0, 
0.280365, 0, 
0.000247647, 0, 
0.00810784, 0, 
0.206197, 0, 
0.00420348, 0, 
0.121222, 0, 
0.0640069, 0, 
0.25437, 0, 
0.000699406, 0, 
0.0225694, 0, 
0.358743, 0, 
7.91261e-06, 0, 
0.00026105, 0, 
0.00854298, 0, 
0.214234, 0, 
0.00315348, 0, 
0.0940609, 0, 
0.13155, 0, 
0.0475815, 0, 
0.329945, 0, 
2.96811e-05, 0, 
0.000978548, 0, 
0.0312961, 0, 
0.373351, 0, 
3.93916e-06, 0, 
0.000129976, 0, 
0.0042714, 0, 
0.122912, 0, 
0.0610219, 0, 
0.268519, 0, 
0.000399937, 0, 
0.01303, 0, 
0.282609, 0, 
0.000225887, 0, 
0.00740059, 0, 
0.192552, 0, 
0.0067721, 0, 
0.179805, 0, 
0.010439, 0, 
0.246227, 0, 
0.000958416, 0, 
0.030672, 0, 
0.373526, 0, 
3.90609e-06, 0, 
0.000128885, 0, 
0.0042357, 0, 
0.122025, 0, 
0.0625739, 0, 
0.261152, 0, 
0.000536017, 0, 
0.0173877, 0, 
0.32733, 0, 
3.33552e-05, 0, 
0.00109955, 0, 
0.0350299, 0, 
0.369314, 0, 
4.78544e-06, 0, 
0.000157895, 0, 
0.00518428, 0, 
0.144866, 0, 
0.0319575, 0, 
0.373, 0, 
4.00675e-06, 0, 
0.000132206, 0, 
0.00434438, 0, 
0.124719, 0, 
0.0579644, 0, 
0.283028, 0, 
0.000222029, 0, 
0.00727509, 0, 
0.190054, 0, 
0.00737873, 0, 
0.192119, 0, 
0.00687388, 0, 
0.18191, 0, 
0.00972754, 0, 
0.234783, 0, 
0.00148007, 0, 
0.0465814, 0, 
0.334043, 0, 
2.46941e-05, 0, 
0.00081426, 0, 
0.0261792, 0, 
0.369658, 0, 
4.70716e-06, 0, 
0.000155313, 0, 
0.00509992, 0, 
0.142896, 0, 
0.0339318, 0, 
0.370997, 0, 
4.41345e-06, 0, 
0.000145623, 0, 
0.00478322, 0, 
0.135394, 0, 
0.0424906, 0, 
0.349449, 0, 
1.22151e-05, 0, 
0.000402939, 0, 
0.0131266, 0, 
0.283813, 0, 
0.000214976, 0, 
0.00704556, 0, 
0.185425, 0, 
0.00863931, 0, 
0.215977, 0, 
0.00296106, 0, 
0.0888686, 0, 
0.149229, 0, 
0.0279491, 0, 
0.372332, 0, 
4.1382e-06, 0, 
0.000136543, 0, 
0.00448626, 0, 
0.128207, 0, 
0.0524394, 0, 
0.308742, 0, 
7.5266e-05, 0, 
0.0024778, 0, 
0.0755271, 0, 
0.201944, 0, 
0.00488444, 0, 
0.13781, 0, 
0.0395445, 0, 
0.358816, 0, 
7.88552e-06, 0, 
0.000260156, 0, 
0.00851398, 0, 
0.213706, 0, 
0.00321398, 0, 
0.0956795, 0, 
0.126371, 0, 
0.055287, 0, 
0.29562, 0, 
0.000131546, 0, 
0.00432278, 0, 
0.124186, 0, 
0.0588534, 0, 
0.278816, 0, 
0.000263814, 0, 
0.00863266, 0, 
0.215857, 0, 
0.00297392, 0, 
0.089218, 0, 
0.147989, 0, 
0.0290397, 0, 
0.37321, 0, 
3.9662e-06, 0, 
0.000130868, 0, 
0.00430059, 0, 
0.123636, 0, 
0.0597805, 0, 
0.274416, 0, 
0.000315449, 0, 
0.0103052, 0, 
0.244125, 0, 
0.00103878, 0, 
0.0331583, 0, 
0.371944, 0, 
4.21628e-06, 0, 
0.000139118, 0, 
0.00457051, 0, 
0.130261, 0, 
0.0494052, 0, 
0.322211, 0, 
4.18482e-05, 0, 
0.00137914, 0, 
0.0435455, 0, 
0.345713, 0, 
1.45152e-05, 0, 
0.00047878, 0, 
0.0155595, 0, 
0.310865, 0, 
6.8678e-05, 0, 
0.0022614, 0, 
0.0694109, 0, 
0.22919, 0, 
0.00182397, 0, 
0.0567754, 0, 
0.288641, 0, 
0.000176083, 0, 
0.00577809, 0, 
0.158404, 0, 
0.0209702, 0, 
0.351225, 0, 
1.12487e-05, 0, 
0.000371074, 0, 
0.0121009, 0, 
0.270479, 0, 
0.000369703, 0, 
0.0120567, 0, 
0.269877, 0, 
0.000378743, 0, 
0.0123479, 0, 
0.273801, 0, 
0.000323389, 0, 
0.010562, 0, 
0.248138, 0, 
0.000890474, 0, 
0.0285598, 0, 
0.372892, 0, 
4.02761e-06, 0, 
0.000132894, 0, 
0.00436689, 0, 
0.125275, 0, 
0.0570516, 0, 
0.28734, 0, 
0.000185846, 0, 
0.00609655, 0, 
0.165429, 0, 
0.0167474, 0, 
0.321918, 0, 
4.2393e-05, 0, 
0.00139707, 0, 
0.0440863, 0, 
0.343728, 0, 
1.59003e-05, 0, 
0.000524442, 0, 
0.0170185, 0, 
0.324255, 0, 
3.82349e-05, 0, 
0.00126021, 0, 
0.0399422, 0, 
0.357653, 0, 
8.32922e-06, 0, 
0.000274791, 0, 
0.0089887, 0, 
0.222191, 0, 
0.00236144, 0, 
0.0722494, 0, 
0.216346, 0, 
0.00292177, 0, 
0.0878003, 0, 
0.153069, 0, 
0.0248048, 0, 
0.36642, 0, 
5.49709e-06, 0, 
0.000181372, 0, 
0.00595064, 0, 
0.16223, 0, 
0.0185624, 0, 
0.336321, 0, 
2.22803e-05, 0, 
0.000734725, 0, 
0.0236823, 0, 
0.362957, 0, 
6.48293e-06, 0, 
0.000213892, 0, 
0.00701029, 0, 
0.184706, 0, 
0.00885207, 0, 
0.219781, 0, 
0.00257889, 0, 
0.0783539, 0, 
0.189945, 0, 
0.00740628, 0, 
0.192665, 0, 
0.00674588, 0, 
0.17926, 0, 
0.0106309, 0, 
0.249202, 0, 
0.000854694, 0, 
0.0274436, 0, 
0.371731, 0, 
4.25998e-06, 0, 
0.00014056, 0, 
0.00461767, 0, 
0.131406, 0, 
0.0477827, 0, 
0.329108, 0, 
3.0813e-05, 0, 
0.00101583, 0, 
0.0324496, 0, 
0.37263, 0, 
4.07889e-06, 0, 
0.000134586, 0, 
0.00442224, 0, 
0.126637, 0, 
0.0548658, 0, 
0.297582, 0, 
0.000121109, 0, 
0.00398115, 0, 
0.115634, 0, 
0.0747873, 0, 
0.20515, 0, 
0.0043622, 0, 
0.125159, 0, 
0.0572404, 0, 
0.286449, 0, 
0.000192824, 0, 
0.00632405, 0, 
0.17035, 0, 
0.0142723, 0, 
0.297325, 0, 
0.000122432, 0, 
0.00402445, 0, 
0.116729, 0, 
0.0725606, 0, 
0.214957, 0, 
0.00307224, 0, 
0.091877, 0, 
0.138788, 0, 
0.0384055, 0, 
0.361952, 0, 
6.79957e-06, 0, 
0.000224337, 0, 
0.00735016, 0, 
0.191551, 0, 
0.00700933, 0, 
0.184687, 0, 
0.00885797, 0, 
0.219886, 0, 
0.00256908, 0, 
0.0780804, 0, 
0.191088, 0, 
0.00712178, 0, 
0.186971, 0, 
0.00819756, 0, 
0.207876, 0, 
0.00396007, 0, 
0.115099, 0, 
0.0758947, 0, 
0.200361, 0, 
0.00516345, 0, 
0.144381, 0, 
0.0324341, 0, 
0.372643, 0, 
4.07633e-06, 0, 
0.000134501, 0, 
0.00441948, 0, 
0.12657, 0, 
0.054973, 0, 
0.297083, 0, 
0.000123685, 0, 
0.00406549, 0, 
0.117764, 0, 
0.0705087, 0, 
0.224185, 0, 
0.00219472, 0, 
0.0675086, 0, 
0.237962, 0, 
0.00131301, 0, 
0.0415454, 0, 
0.352636, 0, 
1.05342e-05, 0, 
0.000347511, 0, 
0.011341, 0, 
0.259809, 0, 
0.000565148, 0, 
0.0183155, 0, 
0.33453, 0, 
2.4158e-05, 0, 
0.000796598, 0, 
0.0256258, 0, 
0.368482, 0, 
4.9805e-06, 0, 
0.00016433, 0, 
0.00539445, 0, 
0.149723, 0, 
0.0275253, 0, 
0.371836, 0, 
4.23832e-06, 0, 
0.000139846, 0, 
0.0045943, 0, 
0.130839, 0, 
0.0485803, 0, 
0.325749, 0, 
3.57843e-05, 0, 
0.00117953, 0, 
0.0374818, 0, 
0.364268, 0, 
6.09132e-06, 0, 
0.000200974, 0, 
0.00658964, 0, 
0.175992, 0, 
0.0118525, 0, 
0.267067, 0, 
0.000423823, 0, 
0.0137977, 0, 
0.2919, 0, 
0.000153738, 0, 
0.00504847, 0, 
0.141689, 0, 
0.0351953, 0, 
0.369028, 0, 
4.85164e-06, 0, 
0.000160079, 0, 
0.00525562, 0, 
0.146523, 0, 
0.030378, 0, 
0.373553, 0, 
3.90096e-06, 0, 
0.000128716, 0, 
0.00423015, 0, 
0.121887, 0, 
0.0628181, 0, 
0.259994, 0, 
0.000561058, 0, 
0.0181854, 0, 
0.333565, 0, 
2.52319e-05, 0, 
0.000831982, 0, 
0.0267338, 0, 
0.37067, 0, 
4.4835e-06, 0, 
0.000147934, 0, 
0.00485877, 0, 
0.137199, 0, 
0.0402721, 0, 
0.356663, 0, 
8.72577e-06, 0, 
0.00028787, 0, 
0.00941259, 0, 
0.229505, 0, 
0.00180275, 0, 
0.056153, 0, 
0.291567, 0, 
0.000155889, 0, 
0.00511873, 0, 
0.143336, 0, 
0.0334813, 0, 
0.371573, 0, 
4.29244e-06, 0, 
0.000141631, 0, 
0.00465269, 0, 
0.132253, 0, 
0.0466117, 0, 
0.33392, 0, 
2.4831e-05, 0, 
0.000818771, 0, 
0.0263204, 0, 
0.369931, 0, 
4.64572e-06, 0, 
0.000153286, 0, 
0.00503369, 0, 
0.141341, 0, 
0.0355668, 0, 
0.368356, 0, 
5.01072e-06, 0, 
0.000165327, 0, 
0.00542701, 0, 
0.150469, 0, 
0.0268963, 0, 
0.370935, 0, 
4.42648e-06, 0, 
0.000146053, 0, 
0.00479728, 0, 
0.135731, 0, 
0.0420689, 0, 
0.350891, 0, 
1.14251e-05, 0, 
0.000376889, 0, 
0.0122882, 0, 
0.273005, 0, 
0.000333959, 0, 
0.0109035, 0, 
0.253347, 0, 
0.000727823, 0, 
0.023465, 0, 
0.362197, 0, 
6.72098e-06, 0, 
0.000221745, 0, 
0.00726583, 0, 
0.189869, 0, 
0.00742565, 0, 
0.193048, 0, 
0.00665734, 0, 
0.177413, 0, 
0.0113062, 0, 
0.259304, 0, 
0.000576507, 0, 
0.0186769, 0, 
0.337135, 0, 
2.14748e-05, 0, 
0.000708182, 0, 
0.0228462, 0, 
0.359867, 0, 
7.50434e-06, 0, 
0.000247584, 0, 
0.00810578, 0, 
0.206158, 0, 
0.00420923, 0, 
0.121366, 0, 
0.0637487, 0, 
0.25559, 0, 
0.00066689, 0, 
0.0215426, 0, 
0.354122, 0, 
9.82826e-06, 0, 
0.00032423, 0, 
0.0105892, 0, 
0.248558, 0, 
0.000876173, 0, 
0.028114, 0, 
0.372501, 0, 
4.10456e-06, 0, 
0.000135433, 0, 
0.00444996, 0, 
0.127318, 0, 
0.0538023, 0, 
0.302507, 0, 
9.82935e-05, 0, 
0.0032335, 0, 
0.0962003, 0, 
0.124738, 0, 
0.0579331, 0, 
0.283176, 0, 
0.000220682, 0, 
0.00723125, 0, 
0.189176, 0, 
0.00760374, 0, 
0.196546, 0, 
0.00589827, 0, 
0.161074, 0, 
0.0192618, 0, 
0.341122, 0, 
1.79136e-05, 0, 
0.000590811, 0, 
0.0191315, 0, 
0.340258, 0, 
1.86335e-05, 0, 
0.00061454, 0, 
0.0198848, 0, 
0.345067, 0, 
1.49528e-05, 0, 
0.000493206, 0, 
0.0160209, 0, 
0.315318, 0, 
5.6612e-05, 0, 
0.00186482, 0, 
0.0579708, 0, 
0.282997, 0, 
0.00022231, 0, 
0.00728421, 0, 
0.190237, 0, 
0.00733279, 0, 
0.191206, 0, 
0.00709304, 0, 
0.186389, 0, 
0.0083613, 0, 
0.210911, 0, 
0.00355343, 0, 
0.104638, 0, 
0.100498, 0, 
0.111877, 0, 
0.08287, 0, 
0.171672, 0, 
0.0136674, 0, 
0.290368, 0, 
0.00016388, 0, 
0.00537976, 0, 
0.149386, 0, 
0.0278141, 0, 
0.372183, 0, 
4.16792e-06, 0, 
0.000137523, 0, 
0.00451833, 0, 
0.12899, 0, 
0.0512637, 0, 
0.314037, 0, 
5.98582e-05, 0, 
0.00197154, 0, 
0.0610792, 0, 
0.268246, 0, 
0.000404317, 0, 
0.0131709, 0, 
0.284362, 0, 
0.000210169, 0, 
0.00688907, 0, 
0.182223, 0, 
0.00962577, 0, 
0.233092, 0, 
0.00157695, 0, 
0.0494766, 0, 
0.321902, 0, 
4.24227e-05, 0, 
0.00139805, 0, 
0.0441158, 0, 
0.343619, 0, 
1.59801e-05, 0, 
0.000527074, 0, 
0.0171025, 0, 
0.324965, 0, 
3.70505e-05, 0, 
0.00122122, 0, 
0.0387547, 0, 
0.361022, 0, 
7.10554e-06, 0, 
0.00023443, 0, 
0.00767835, 0, 
0.197998, 0, 
0.00560775, 0, 
0.154579, 0, 
0.0236594, 0, 
0.362878, 0, 
6.50715e-06, 0, 
0.000214691, 0, 
0.0070363, 0, 
0.185236, 0, 
0.00869468, 0, 
0.216973, 0, 
0.00285613, 0, 
0.0860086, 0, 
0.159663, 0, 
0.0201482, 0, 
0.346643, 0, 
1.39062e-05, 0, 
0.0004587, 0, 
0.0149165, 0, 
0.304311, 0, 
9.10141e-05, 0, 
0.00299473, 0, 
0.0897822, 0, 
0.146001, 0, 
0.0308682, 0, 
0.373488, 0, 
3.91325e-06, 0, 
0.000129121, 0, 
0.00424343, 0, 
0.122217, 0, 
0.0622345, 0, 
0.262761, 0, 
0.000502963, 0, 
0.0163327, 0, 
0.318211, 0, 
4.9891e-05, 0, 
0.00164378, 0, 
0.0514628, 0, 
0.313146, 0, 
6.22183e-05, 0, 
0.00204912, 0, 
0.0633249, 0, 
0.257594, 0, 
0.000616566, 0, 
0.019949, 0, 
0.345456, 0, 
1.46874e-05, 0, 
0.000484457, 0, 
0.0157411, 0, 
0.312643, 0, 
6.35924e-05, 0, 
0.00209428, 0, 
0.0646269, 0, 
0.251445, 0, 
0.00078364, 0, 
0.0252195, 0, 
0.36751, 0, 
5.21801e-06, 0, 
0.000172165, 0, 
0.00565024, 0, 
0.155537, 0, 
0.0229575, 0, 
0.360304, 0, 
7.35094e-06, 0, 
0.000242524, 0, 
0.00794141, 0, 
0.203051, 0, 
0.00469775, 0, 
0.133341, 0, 
0.0451463, 0, 
0.339715, 0, 
1.90999e-05, 0, 
0.000629913, 0, 
0.0203722, 0, 
0.347942, 0, 
1.30972e-05, 0, 
0.000432027, 0, 
0.0140611, 0, 
0.29494, 0, 
0.000135358, 0, 
0.0044475, 0, 
0.127258, 0, 
0.0538956, 0, 
0.302077, 0, 
0.00010011, 0, 
0.00329306, 0, 
0.0977852, 0, 
0.119868, 0, 
0.0664877, 0, 
0.242715, 0, 
0.00109625, 0, 
0.0349285, 0, 
0.369486, 0, 
4.74624e-06, 0, 
0.000156602, 0, 
0.00514204, 0, 
0.143881, 0, 
0.0329312, 0, 
0.372184, 0, 
4.16786e-06, 0, 
0.000137521, 0, 
0.00451826, 0, 
0.128989, 0, 
0.0512659, 0, 
0.314027, 0, 
5.9884e-05, 0, 
0.00197239, 0, 
0.0611038, 0, 
0.26813, 0, 
0.000406213, 0, 
0.0132319, 0, 
0.285114, 0, 
0.000203755, 0, 
0.00668021, 0, 
0.177891, 0, 
0.0111276, 0, 
0.256687, 0, 
0.000638861, 0, 
0.0206557, 0, 
0.349532, 0, 
1.21686e-05, 0, 
0.000401406, 0, 
0.0130773, 0, 
0.2832, 0, 
0.000220471, 0, 
0.00722439, 0, 
0.189038, 0, 
0.00763964, 0, 
0.197246, 0, 
0.00575658, 0, 
0.157923, 0, 
0.0212919, 0, 
0.352883, 0, 
1.04137e-05, 0, 
0.000343536, 0, 
0.0112127, 0, 
0.257939, 0, 
0.000608272, 0, 
0.0196859, 0, 
0.343841, 0, 
1.58185e-05, 0, 
0.000521748, 0, 
0.0169325, 0, 
0.323521, 0, 
3.94966e-05, 0, 
0.00130174, 0, 
0.0412037, 0, 
0.353747, 0, 
1.00018e-05, 0, 
0.000329955, 0, 
0.0107741, 0, 
0.251392, 0, 
0.000785255, 0, 
0.0252701, 0, 
0.367636, 0, 
5.18654e-06, 0, 
0.000171127, 0, 
0.00561636, 0, 
0.154773, 0, 
0.0235154, 0, 
0.362376, 0, 
6.66424e-06, 0, 
0.000219873, 0, 
0.00720493, 0, 
0.188648, 0, 
0.00774229, 0, 
0.199236, 0, 
0.00537074, 0, 
0.149179, 0, 
0.0279927, 0, 
0.372378, 0, 
4.12901e-06, 0, 
0.000136239, 0, 
0.00447634, 0, 
0.127964, 0, 
0.0528084, 0, 
0.307063, 0, 
8.08986e-05, 0, 
0.00266275, 0, 
0.0806844, 0, 
0.180373, 0, 
0.0102425, 0, 
0.243132, 0, 
0.00107896, 0, 
0.0343967, 0, 
0.370331, 0, 
4.55715e-06, 0, 
0.000150364, 0, 
0.00493819, 0, 
0.139086, 0, 
0.0380636, 0, 
0.362833, 0, 
6.52104e-06, 0, 
0.000215149, 0, 
0.00705121, 0, 
0.18554, 0, 
0.00860574, 0, 
0.215371, 0, 
0.00302666, 0, 
0.0906465, 0, 
0.142992, 0, 
0.0338326, 0, 
0.371129, 0, 
4.38531e-06, 0, 
0.000144695, 0, 
0.00475287, 0, 
0.134667, 0, 
0.0434155, 0, 
0.346183, 0, 
1.42043e-05, 0, 
0.00046853, 0, 
0.0152314, 0, 
0.307572, 0, 
7.91484e-05, 0, 
0.00260529, 0, 
0.079089, 0, 
0.186894, 0, 
0.00821897, 0, 
0.208275, 0, 
0.00390422, 0, 
0.11368, 0, 
0.0789039, 0, 
0.18766, 0, 
0.00800758, 0, 
0.204307, 0, 
0.00449428, 0, 
0.128403, 0, 
0.0521431, 0, 
0.310084, 0, 
7.1034e-05, 0, 
0.0023388, 0, 
0.0716087, 0, 
0.219217, 0, 
0.00263245, 0, 
0.079844, 0, 
0.183791, 0, 
0.00913034, 0, 
0.224662, 0, 
0.00215653, 0, 
0.0664151, 0, 
0.243054, 0, 
0.00108216, 0, 
0.034495, 0, 
0.370182, 0, 
4.59005e-06, 0, 
0.000151449, 0, 
0.00497367, 0, 
0.139926, 0, 
0.0371163, 0, 
0.365125, 0, 
5.84767e-06, 0, 
0.000192937, 0, 
0.00632773, 0, 
0.170429, 0, 
0.0142355, 0, 
0.296912, 0, 
0.000124579, 0, 
0.00409475, 0, 
0.1185, 0, 
0.0690791, 0, 
0.230712, 0, 
0.00172359, 0, 
0.0538239, 0, 
0.302407, 0, 
9.87107e-05, 0, 
0.00324718, 0, 
0.096565, 0, 
0.123605, 0, 
0.0598341, 0, 
0.274161, 0, 
0.000318715, 0, 
0.0104108, 0, 
0.245786, 0, 
0.000974752, 0, 
0.0311785, 0, 
0.373396, 0, 
3.93064e-06, 0, 
0.000129695, 0, 
0.0042622, 0, 
0.122684, 0, 
0.0614181, 0, 
0.266637, 0, 
0.000431167, 0, 
0.0140335, 0, 
0.294624, 0, 
0.000137163, 0, 
0.00450654, 0, 
0.128702, 0, 
0.0516929, 0, 
0.312114, 0, 
6.5067e-05, 0, 
0.00214274, 0, 
0.0660197, 0, 
0.244903, 0, 
0.00100831, 0, 
0.0322172, 0, 
0.372816, 0, 
4.04249e-06, 0, 
0.000133385, 0, 
0.00438295, 0, 
0.125671, 0, 
0.0564086, 0, 
0.290366, 0, 
0.000163891, 0, 
0.00538013, 0, 
0.149395, 0, 
0.0278068, 0, 
0.372175, 0, 
4.16958e-06, 0, 
0.000137578, 0, 
0.00452012, 0, 
0.129034, 0, 
0.0511987, 0, 
0.314327, 0, 
5.91076e-05, 0, 
0.00194687, 0, 
0.0603625, 0, 
0.271651, 0, 
0.000352681, 0, 
0.0115079, 0, 
0.262211, 0, 
0.000514032, 0, 
0.0166862, 0, 
0.321381, 0, 
4.3408e-05, 0, 
0.00143047, 0, 
0.0450921, 0, 
0.339924, 0, 
1.89189e-05, 0, 
0.000623946, 0, 
0.0201831, 0, 
0.346848, 0, 
1.37755e-05, 0, 
0.000454393, 0, 
0.0147785, 0, 
0.30285, 0, 
9.68677e-05, 0, 
0.00318674, 0, 
0.0949516, 0, 
0.128681, 0, 
0.0517249, 0, 
0.31197, 0, 
6.54732e-05, 0, 
0.00215609, 0, 
0.0664026, 0, 
0.243112, 0, 
0.00107976, 0, 
0.0344212, 0, 
0.370294, 0, 
4.56524e-06, 0, 
0.000150631, 0, 
0.00494691, 0, 
0.139293, 0, 
0.0378285, 0, 
0.363423, 0, 
6.34088e-06, 0, 
0.000209207, 0, 
0.00685775, 0, 
0.181578, 0, 
0.00983685, 0, 
0.236585, 0, 
0.00138309, 0, 
0.0436647, 0, 
0.345279, 0, 
1.48075e-05, 0, 
0.000488416, 0, 
0.0158677, 0, 
0.313863, 0, 
6.03127e-05, 0, 
0.00198648, 0, 
0.0615126, 0, 
0.266188, 0, 
0.000438949, 0, 
0.0142832, 0, 
0.297447, 0, 
0.000121804, 0, 
0.00400389, 0, 
0.116209, 0, 
0.0736102, 0, 
0.210306, 0, 
0.00363116, 0, 
0.10666, 0, 
0.09529, 0, 
0.127603, 0, 
0.0533609, 0, 
0.304536, 0, 
9.01443e-05, 0, 
0.00296619, 0, 
0.0890081, 0, 
0.148733, 0, 
0.0283807, 0, 
0.372746, 0, 
4.05613e-06, 0, 
0.000133835, 0, 
0.00439767, 0, 
0.126033, 0, 
0.0558257, 0, 
0.293101, 0, 
0.000146204, 0, 
0.0048022, 0, 
0.135849, 0, 
0.0419221, 0, 
0.351385, 0, 
1.11655e-05, 0, 
0.000368328, 0, 
0.0120124, 0, 
0.269272, 0, 
0.00038805, 0, 
0.0126476, 0, 
0.277736, 0, 
0.000275688, 0, 
0.0090178, 0, 
0.222701, 0, 
0.0023177, 0, 
0.0710108, 0, 
0.221911, 0, 
0.00238574, 0, 
0.0729359, 0, 
0.213289, 0, 
0.0032627, 0, 
0.0969781, 0, 
0.12233, 0, 
0.0620367, 0, 
0.2637, 0, 
0.000484597, 0, 
0.0157456, 0, 
0.312686, 0, 
6.34734e-05, 0, 
0.00209037, 0, 
0.0645143, 0, 
0.251976, 0, 
0.000767669, 0, 
0.0247181, 0, 
0.36618, 0, 
5.56063e-06, 0, 
0.000183468, 0, 
0.006019, 0, 
0.163733, 0, 
0.0176882, 0, 
0.329744, 0, 
2.99494e-05, 0, 
0.000987384, 0, 
0.0315697, 0, 
0.373226, 0, 
3.96307e-06, 0, 
0.000130765, 0, 
0.00429721, 0, 
0.123553, 0, 
0.0599229, 0, 
0.27374, 0, 
0.000324191, 0, 
0.0105879, 0, 
0.248539, 0, 
0.00087684, 0, 
0.0281347, 0, 
0.372521, 0, 
4.10053e-06, 0, 
0.0001353, 0, 
0.0044456, 0, 
0.127211, 0, 
0.0539681, 0, 
0.301742, 0, 
0.000101544, 0, 
0.00334009, 0, 
0.0990321, 0, 
0.116142, 0, 
0.0737473, 0, 
0.209702, 0, 
0.00371038, 0, 
0.10871, 0, 
0.0902375, 0, 
0.14441, 0, 
0.0324048, 0, 
0.372668, 0, 
4.07155e-06, 0, 
0.000134344, 0, 
0.00441432, 0, 
0.126443, 0, 
0.0551736, 0, 
0.296149, 0, 
0.00012865, 0, 
0.004228, 0, 
0.121833, 0, 
0.0629132, 0, 
0.259544, 0, 
0.000571095, 0, 
0.0185047, 0, 
0.335907, 0, 
2.27012e-05, 0, 
0.000748596, 0, 
0.0241187, 0, 
0.364394, 0, 
6.05468e-06, 0, 
0.000199766, 0, 
0.00655026, 0, 
0.175163, 0, 
0.0121827, 0, 
0.271587, 0, 
0.0003536, 0, 
0.0115375, 0, 
0.262634, 0, 
0.000505496, 0, 
0.0164136, 0, 
0.318947, 0, 
4.83081e-05, 0, 
0.0015917, 0, 
0.0499158, 0, 
0.319992, 0, 
4.61428e-05, 0, 
0.00152046, 0, 
0.0477907, 0, 
0.329075, 0, 
3.08588e-05, 0, 
0.00101734, 0, 
0.0324962, 0, 
0.372591, 0, 
4.0867e-06, 0, 
0.000134843, 0, 
0.00443067, 0, 
0.126845, 0, 
0.0545401, 0, 
0.299095, 0, 
0.000113609, 0, 
0.00373549, 0, 
0.109358, 0, 
0.088688, 0, 
0.149874, 0, 
0.0273972, 0, 
0.371669, 0, 
4.27264e-06, 0, 
0.000140978, 0, 
0.00463132, 0, 
0.131736, 0, 
0.0473227, 0, 
0.331016, 0, 
2.82917e-05, 0, 
0.000932782, 0, 
0.0298761, 0, 
0.373515, 0, 
3.90803e-06, 0, 
0.000128949, 0, 
0.00423779, 0, 
0.122077, 0, 
0.062482, 0, 
0.261587, 0, 
0.000526868, 0, 
0.0170959, 0, 
0.32491, 0, 
3.71413e-05, 0, 
0.00122421, 0, 
0.0388458, 0, 
0.360775, 0, 
7.18915e-06, 0, 
0.000237187, 0, 
0.00776799, 0, 
0.199731, 0, 
0.00527847, 0, 
0.147052, 0, 
0.0298889, 0, 
0.373518, 0, 
3.9076e-06, 0, 
0.000128935, 0, 
0.00423732, 0, 
0.122065, 0, 
0.0625024, 0, 
0.26149, 0, 
0.000528891, 0, 
0.0171604, 0, 
0.325451, 0, 
3.62597e-05, 0, 
0.00119518, 0, 
0.0379602, 0, 
0.363095, 0, 
6.4407e-06, 0, 
0.000212499, 0, 
0.00696494, 0, 
0.18378, 0, 
0.00913365, 0, 
0.22472, 0, 
0.00215197, 0, 
0.0662845, 0, 
0.243665, 0, 
0.00105723, 0, 
0.0337274, 0, 
0.371267, 0, 
4.35637e-06, 0, 
0.00014374, 0, 
0.00472166, 0, 
0.133917, 0, 
0.0443875, 0, 
0.342605, 0, 
1.67402e-05, 0, 
0.000552132, 0, 
0.0179012, 0, 
0.331407, 0, 
2.78006e-05, 0, 
0.000916603, 0, 
0.0293732, 0, 
0.373369, 0, 
3.93582e-06, 0, 
0.000129866, 0, 
0.00426779, 0, 
0.122823, 0, 
0.0611769, 0, 
0.267782, 0, 
0.00041189, 0, 
0.0134144, 0, 
0.287341, 0, 
0.000185838, 0, 
0.00609628, 0, 
0.165423, 0, 
0.0167506, 0, 
0.321945, 0, 
4.23417e-05, 0, 
0.00139538, 0, 
0.0440354, 0, 
0.343917, 0, 
1.57633e-05, 0, 
0.000519926, 0, 
0.0168744, 0, 
0.323021, 0, 
4.03794e-05, 0, 
0.0013308, 0, 
0.0420843, 0, 
0.350839, 0, 
1.14526e-05, 0, 
0.000377799, 0, 
0.0123175, 0, 
0.273396, 0, 
0.000328727, 0, 
0.0107344, 0, 
0.250788, 0, 
0.000803857, 0, 
0.0258533, 0, 
0.368986, 0, 
4.86156e-06, 0, 
0.000160406, 0, 
0.00526631, 0, 
0.146771, 0, 
0.0301481, 0, 
0.373549, 0, 
3.90169e-06, 0, 
0.00012874, 0, 
0.00423094, 0, 
0.121907, 0, 
0.0627832, 0, 
0.260159, 0, 
0.000557414, 0, 
0.0180694, 0, 
0.332692, 0, 
2.62417e-05, 0, 
0.000865249, 0, 
0.0277731, 0, 
0.372137, 0, 
4.17732e-06, 0, 
0.000137833, 0, 
0.00452847, 0, 
0.129238, 0, 
0.050897, 0, 
0.31567, 0, 
5.57507e-05, 0, 
0.00183649, 0, 
0.0571423, 0, 
0.286912, 0, 
0.000189165, 0, 
0.00620477, 0, 
0.16778, 0, 
0.0155192, 0, 
0.310467, 0, 
6.98689e-05, 0, 
0.00230053, 0, 
0.0705233, 0, 
0.224119, 0, 
0.00220008, 0, 
0.0676616, 0, 
0.237252, 0, 
0.0013487, 0, 
0.042626, 0, 
0.34898, 0, 
1.24833e-05, 0, 
0.000411784, 0, 
0.0134109, 0, 
0.287299, 0, 
0.000186156, 0, 
0.00610665, 0, 
0.16565, 0, 
0.0166286, 0, 
0.320872, 0, 
4.43906e-05, 0, 
0.00146281, 0, 
0.0460636, 0, 
0.336119, 0, 
2.2485e-05, 0, 
0.000741471, 0, 
0.0238946, 0, 
0.363671, 0, 
6.26671e-06, 0, 
0.00020676, 0, 
0.00677808, 0, 
0.179929, 0, 
0.0103958, 0, 
0.24555, 0, 
0.000983616, 0, 
0.0314531, 0, 
0.373283, 0, 
3.95217e-06, 0, 
0.000130405, 0, 
0.00428545, 0, 
0.123261, 0, 
0.0604212, 0, 
0.271373, 0, 
0.000356662, 0, 
0.0116362, 0, 
0.264037, 0, 
0.000478157, 0, 
0.0155395, 0, 
0.310668, 0, 
6.92654e-05, 0, 
0.0022807, 0, 
0.0699599, 0, 
0.226682, 0, 
0.00200168, 0, 
0.0619531, 0, 
0.264097, 0, 
0.000477025, 0, 
0.0155033, 0, 
0.310309, 0, 
7.03483e-05, 0, 
0.00231627, 0, 
0.0709703, 0, 
0.222095, 0, 
0.00236979, 0, 
0.0724853, 0, 
0.215293, 0, 
0.00303522, 0, 
0.0908778, 0, 
0.142195, 0, 
0.0346604, 0, 
0.369923, 0, 
4.6475e-06, 0, 
0.000153345, 0, 
0.0050356, 0, 
0.141386, 0, 
0.0355184, 0, 
0.368446, 0, 
4.98916e-06, 0, 
0.000164616, 0, 
0.00540378, 0, 
0.149937, 0, 
0.0273436, 0, 
0.371597, 0, 
4.28759e-06, 0, 
0.000141471, 0, 
0.00464745, 0, 
0.132127, 0, 
0.0467849, 0, 
0.333218, 0, 
2.56283e-05, 0, 
0.000845041, 0, 
0.0271421, 0, 
0.371312, 0, 
4.34698e-06, 0, 
0.000143431, 0, 
0.00471153, 0, 
0.133673, 0, 
0.0447074, 0, 
0.341396, 0, 
1.76908e-05, 0, 
0.000583467, 0, 
0.0188982, 0, 
0.338676, 0, 
2.00243e-05, 0, 
0.000660379, 0, 
0.0213367, 0, 
0.353107, 0, 
1.03051e-05, 0, 
0.000339957, 0, 
0.0110972, 0, 
0.256237, 0, 
0.000650222, 0, 
0.0210153, 0, 
0.351462, 0, 
1.11255e-05, 0, 
0.000367012, 0, 
0.01197, 0, 
0.26869, 0, 
0.000397207, 0, 
0.0129422, 0, 
0.281505, 0, 
0.000236355, 0, 
0.00774095, 0, 
0.19921, 0, 
0.00537561, 0, 
0.149291, 0, 
0.027896, 0, 
0.372274, 0, 
4.14964e-06, 0, 
0.00013692, 0, 
0.0044986, 0, 
0.128508, 0, 
0.0519838, 0, 
0.310804, 0, 
6.88604e-05, 0, 
0.00226739, 0, 
0.0695815, 0, 
0.22841, 0, 
0.0018776, 0, 
0.0583442, 0, 
0.28123, 0, 
0.000239032, 0, 
0.00782795, 0, 
0.200884, 0, 
0.00506958, 0, 
0.142185, 0, 
0.0346713, 0, 
0.369906, 0, 
4.65139e-06, 0, 
0.000153473, 0, 
0.0050398, 0, 
0.141485, 0, 
0.0354128, 0, 
0.36864, 0, 
4.94298e-06, 0, 
0.000163093, 0, 
0.00535404, 0, 
0.148795, 0, 
0.0283268, 0, 
0.372699, 0, 
4.06534e-06, 0, 
0.000134139, 0, 
0.00440761, 0, 
0.126278, 0, 
0.0554354, 0, 
0.294927, 0, 
0.000135431, 0, 
0.00444989, 0, 
0.127316, 0, 
0.0538047, 0, 
0.302496, 0, 
9.834e-05, 0, 
0.00323502, 0, 
0.096241, 0, 
0.124612, 0, 
0.058143, 0, 
0.282183, 0, 
0.000229875, 0, 
0.00753026, 0, 
0.195109, 0, 
0.00619984, 0, 
0.167673, 0, 
0.0155732, 0, 
0.311001, 0, 
6.82773e-05, 0, 
0.00224823, 0, 
0.069036, 0, 
0.23091, 0, 
0.00171092, 0, 
0.0534499, 0, 
0.304128, 0, 
9.17297e-05, 0, 
0.00301821, 0, 
0.0904179, 0, 
0.143784, 0, 
0.033029, 0, 
0.372083, 0, 
4.1882e-06, 0, 
0.000138192, 0, 
0.00454022, 0, 
0.129524, 0, 
0.050476, 0, 
0.317533, 0, 
5.13935e-05, 0, 
0.0016932, 0, 
0.0529262, 0, 
0.306526, 0, 
8.27851e-05, 0, 
0.00272468, 0, 
0.0823971, 0, 
0.173532, 0, 
0.0128568, 0, 
0.280422, 0, 
0.000247072, 0, 
0.00808916, 0, 
0.205846, 0, 
0.00425611, 0, 
0.122533, 0, 
0.0616819, 0, 
0.265384, 0, 
0.000453234, 0, 
0.0147413, 0, 
0.302454, 0, 
9.85164e-05, 0, 
0.00324081, 0, 
0.0963951, 0, 
0.124132, 0, 
0.0589437, 0, 
0.278388, 0, 
0.000268462, 0, 
0.00878345, 0, 
0.218561, 0, 
0.00269606, 0, 
0.0816064, 0, 
0.176669, 0, 
0.0115892, 0, 
0.26337, 0, 
0.000490972, 0, 
0.0159495, 0, 
0.314642, 0, 
5.83028e-05, 0, 
0.00192041, 0, 
0.0595926, 0, 
0.275308, 0, 
0.000304256, 0, 
0.00994315, 0, 
0.238321, 0, 
0.00129533, 0, 
0.0410092, 0, 
0.35437, 0, 
9.71507e-06, 0, 
0.000320498, 0, 
0.0104685, 0, 
0.246687, 0, 
0.000941622, 0, 
0.0301508, 0, 
0.373549, 0, 
3.90166e-06, 0, 
0.000128739, 0, 
0.00423091, 0, 
0.121906, 0, 
0.0627848, 0, 
0.260152, 0, 
0.000557576, 0, 
0.0180745, 0, 
0.332731, 0, 
2.61958e-05, 0, 
0.000863736, 0, 
0.0277259, 0, 
0.372082, 0, 
4.1884e-06, 0, 
0.000138199, 0, 
0.00454043, 0, 
0.129529, 0, 
0.0504683, 0, 
0.317567, 0, 
5.13177e-05, 0, 
0.00169071, 0, 
0.0528525, 0, 
0.306862, 0, 
8.15992e-05, 0, 
0.00268575, 0, 
0.0813213, 0, 
0.17781, 0, 
0.011158, 0, 
0.257135, 0, 
0.000627748, 0, 
0.0203036, 0, 
0.347548, 0, 
1.33375e-05, 0, 
0.000439951, 0, 
0.0143154, 0, 
0.297805, 0, 
0.000119975, 0, 
0.00394401, 0, 
0.114692, 0, 
0.0767487, 0, 
0.196708, 0, 
0.00586515, 0, 
0.16034, 0, 
0.019718, 0, 
0.344041, 0, 
1.56743e-05, 0, 
0.000516992, 0, 
0.0167807, 0, 
0.322209, 0, 
4.18527e-05, 0, 
0.00137929, 0, 
0.04355, 0, 
0.345696, 0, 
1.45261e-05, 0, 
0.000479138, 0, 
0.0155709, 0, 
0.310978, 0, 
6.83437e-05, 0, 
0.00225041, 0, 
0.0690981, 0, 
0.230624, 0, 
0.00172922, 0, 
0.0539897, 0, 
0.301642, 0, 
0.000101976, 0, 
0.00335424, 0, 
0.0994065, 0, 
0.115041, 0, 
0.0760173, 0, 
0.199834, 0, 
0.00525953, 0, 
0.146613, 0, 
0.0302938, 0, 
0.373554, 0, 
3.90074e-06, 0, 
0.000128708, 0, 
0.00422992, 0, 
0.121881, 0, 
0.0628286, 0, 
0.259944, 0, 
0.000562151, 0, 
0.0182202, 0, 
0.333824, 0, 
2.49389e-05, 0, 
0.000822327, 0, 
0.0264317, 0, 
0.370139, 0, 
4.59952e-06, 0, 
0.000151762, 0, 
0.00498388, 0, 
0.140167, 0, 
0.0368481, 0, 
0.365731, 0, 
5.68093e-06, 0, 
0.000187437, 0, 
0.00614842, 0, 
0.166558, 0, 
0.0161468, 0, 
0.316497, 0, 
5.37736e-05, 0, 
0.00177148, 0, 
0.0552343, 0, 
0.295866, 0, 
0.000130192, 0, 
0.00427848, 0, 
0.123088, 0, 
0.0607186, 0, 
0.26996, 0, 
0.000377497, 0, 
0.0123078, 0, 
0.273266, 0, 
0.000330453, 0, 
0.0107902, 0, 
0.251636, 0, 
0.000777851, 0, 
0.0250378, 0, 
0.367045, 0, 
5.33543e-06, 0, 
0.000176039, 0, 
0.00577665, 0, 
0.158371, 0, 
0.0209916, 0, 
0.351338, 0, 
1.11901e-05, 0, 
0.000369141, 0, 
0.0120386, 0, 
0.26963, 0, 
0.000382519, 0, 
0.0124695, 0, 
0.27541, 0, 
0.000303003, 0, 
0.00990259, 0, 
0.23766, 0, 
0.00132809, 0, 
0.0420021, 0, 
0.351116, 0, 
1.13059e-05, 0, 
0.000372961, 0, 
0.0121617, 0, 
0.271303, 0, 
0.000357656, 0, 
0.0116683, 0, 
0.26449, 0, 
0.000469637, 0, 
0.0152668, 0, 
0.307933, 0, 
7.79308e-05, 0, 
0.00256531, 0, 
0.0779753, 0, 
0.191528, 0, 
0.00701489, 0, 
0.1848, 0, 
0.00882406, 0, 
0.219284, 0, 
0.00262606, 0, 
0.0796663, 0, 
0.184518, 0, 
0.00890859, 0, 
0.220781, 0, 
0.00248646, 0, 
0.07577, 0, 
0.200897, 0, 
0.00506728, 0, 
0.142131, 0, 
0.034728, 0, 
0.369815, 0, 
4.67175e-06, 0, 
0.000154145, 0, 
0.00506174, 0, 
0.142001, 0, 
0.0348648, 0, 
0.369592, 0, 
4.72216e-06, 0, 
0.000155808, 0, 
0.00511608, 0, 
0.143274, 0, 
0.0335443, 0, 
0.371497, 0, 
4.30831e-06, 0, 
0.000142155, 0, 
0.00466981, 0, 
0.132667, 0, 
0.0460494, 0, 
0.336176, 0, 
2.24274e-05, 0, 
0.000739572, 0, 
0.0238349, 0, 
0.363473, 0, 
6.32598e-06, 0, 
0.000208715, 0, 
0.00684175, 0, 
0.181247, 0, 
0.00994658, 0, 
0.238377, 0, 
0.0012926, 0, 
0.0409263, 0, 
0.354633, 0, 
9.59621e-06, 0, 
0.000316578, 0, 
0.0103417, 0, 
0.244701, 0, 
0.00101614, 0, 
0.0324593, 0, 
0.372622, 0, 
4.08049e-06, 0, 
0.000134639, 0, 
0.00442398, 0, 
0.12668, 0, 
0.0547986, 0, 
0.297894, 0, 
0.000119523, 0, 
0.00392921, 0, 
0.114316, 0, 
0.0775437, 0, 
0.193342, 0, 
0.00659029, 0, 
0.176006, 0, 
0.0118471, 0, 
0.266992, 0, 
0.000425097, 0, 
0.0138386, 0, 
0.292376, 0, 
0.000150706, 0, 
0.00494936, 0, 
0.139351, 0, 
0.0377628, 0, 
0.363586, 0, 
6.29219e-06, 0, 
0.0002076, 0, 
0.00680545, 0, 
0.180497, 0, 
0.0102001, 0, 
0.242458, 0, 
0.00110705, 0, 
0.0352604, 0, 
0.368914, 0, 
4.87846e-06, 0, 
0.000160964, 0, 
0.00528452, 0, 
0.147192, 0, 
0.0297606, 0, 
0.373491, 0, 
3.91254e-06, 0, 
0.000129098, 0, 
0.00424266, 0, 
0.122198, 0, 
0.0622681, 0, 
0.262602, 0, 
0.000506147, 0, 
0.0164344, 0, 
0.319135, 0, 
4.79113e-05, 0, 
0.00157865, 0, 
0.0495271, 0, 
0.321683, 0, 
4.28337e-05, 0, 
0.00141158, 0, 
0.0445233, 0, 
0.342093, 0, 
1.71363e-05, 0, 
0.000565189, 0, 
0.0183168, 0, 
0.33454, 0, 
2.41476e-05, 0, 
0.000796255, 0, 
0.0256151, 0, 
0.368458, 0, 
4.98636e-06, 0, 
0.000164524, 0, 
0.00540077, 0, 
0.149868, 0, 
0.0274021, 0, 
0.371676, 0, 
4.2713e-06, 0, 
0.000140934, 0, 
0.00462988, 0, 
0.131702, 0, 
0.0473711, 0, 
0.330817, 0, 
2.85457e-05, 0, 
0.000941147, 0, 
0.030136, 0, 
0.373548, 0, 
3.90185e-06, 0, 
0.000128745, 0, 
0.00423111, 0, 
0.121911, 0, 
0.0627758, 0, 
0.260194, 0, 
0.000556646, 0, 
0.0180449, 0, 
0.332507, 0, 
2.64613e-05, 0, 
0.000872484, 0, 
0.0279989, 0, 
0.372384, 0, 
4.12773e-06, 0, 
0.000136197, 0, 
0.00447496, 0, 
0.12793, 0, 
0.0528599, 0, 
0.306828, 0, 
8.17177e-05, 0, 
0.00268964, 0, 
0.0814289, 0, 
0.177379, 0, 
0.0113192, 0, 
0.259493, 0, 
0.000572238, 0, 
0.0185411, 0, 
0.336169, 0, 
2.24345e-05, 0, 
0.000739808, 0, 
0.0238423, 0, 
0.363498, 0, 
6.31857e-06, 0, 
0.000208471, 0, 
0.00683378, 0, 
0.181083, 0, 
0.0100016, 0, 
0.23927, 0, 
0.00124963, 0, 
0.0396202, 0, 
0.358597, 0, 
7.96721e-06, 0, 
0.000262851, 0, 
0.00860142, 0, 
0.215293, 0, 
0.00303521, 0, 
0.0908775, 0, 
0.142196, 0, 
0.0346594, 0, 
0.369925, 0, 
4.64716e-06, 0, 
0.000153334, 0, 
0.00503524, 0, 
0.141378, 0, 
0.0355276, 0, 
0.368429, 0, 
4.99324e-06, 0, 
0.000164751, 0, 
0.00540818, 0, 
0.150038, 0, 
0.0272583, 0, 
0.371479, 0, 
4.3121e-06, 0, 
0.00014228, 0, 
0.0046739, 0, 
0.132766, 0, 
0.0459161, 0, 
0.336705, 0, 
2.18971e-05, 0, 
0.000722099, 0, 
0.0232848, 0, 
0.361544, 0, 
6.93228e-06, 0, 
0.000228714, 0, 
0.00749253, 0, 
0.194367, 0, 
0.00636094, 0, 
0.17114, 0, 
0.0139078, 0, 
0.293179, 0, 
0.000145728, 0, 
0.00478666, 0, 
0.135477, 0, 
0.0423869, 0, 
0.349807, 0, 
1.20145e-05, 0, 
0.000396326, 0, 
0.0129139, 0, 
0.281146, 0, 
0.000239852, 0, 
0.00785458, 0, 
0.201394, 0, 
0.00497961, 0, 
0.140066, 0, 
0.0369598, 0, 
0.365481, 0, 
5.74918e-06, 0, 
0.000189688, 0, 
0.00622182, 0, 
0.168149, 0, 
0.0153345, 0, 
0.308619, 0, 
7.56666e-05, 0, 
0.00249096, 0, 
0.0758961, 0, 
0.200355, 0, 
0.00516452, 0, 
0.144406, 0, 
0.0324094, 0, 
0.372664, 0, 
4.07228e-06, 0, 
0.000134368, 0, 
0.00441511, 0, 
0.126462, 0, 
0.0551426, 0, 
0.296293, 0, 
0.000127872, 0, 
0.00420253, 0, 
0.121198, 0, 
0.0640496, 0, 
0.254168, 0, 
0.000704935, 0, 
0.0227438, 0, 
0.359457, 0, 
7.65085e-06, 0, 
0.000252416, 0, 
0.00826272, 0, 
0.209088, 0, 
0.00379265, 0, 
0.110828, 0, 
0.0852534, 0, 
0.162499, 0, 
0.0184032, 0, 
0.335172, 0, 
2.34685e-05, 0, 
0.000773879, 0, 
0.0249131, 0, 
0.366714, 0, 
5.42037e-06, 0, 
0.000178841, 0, 
0.00586808, 0, 
0.160405, 0, 
0.0196772, 0, 
0.343786, 0, 
1.5858e-05, 0, 
0.000523049, 0, 
0.016974, 0, 
0.323876, 0, 
3.88809e-05, 0, 
0.00128148, 0, 
0.0405886, 0, 
0.355692, 0, 
9.13229e-06, 0, 
0.000301278, 0, 
0.00984676, 0, 
0.236747, 0, 
0.00137465, 0, 
0.0434099, 0, 
0.346203, 0, 
1.41911e-05, 0, 
0.000468093, 0, 
0.0152173, 0, 
0.307429, 0, 
7.96359e-05, 0, 
0.0026213, 0, 
0.079534, 0, 
0.185061, 0, 
0.00874651, 0, 
0.217902, 0, 
0.00276147, 0, 
0.0834111, 0, 
0.16956, 0, 
0.0146452, 0, 
0.301421, 0, 
0.00010294, 0, 
0.00338585, 0, 
0.100241, 0, 
0.112614, 0, 
0.0812279, 0, 
0.178184, 0, 
0.0110197, 0, 
0.255087, 0, 
0.000680106, 0, 
0.0219602, 0, 
0.356089, 0, 
8.9638e-06, 0, 
0.000295721, 0, 
0.00966685, 0, 
0.233777, 0, 
0.00153705, 0, 
0.0482863, 0, 
0.326994, 0, 
3.38572e-05, 0, 
0.00111608, 0, 
0.0355376, 0, 
0.36841, 0, 
4.9977e-06, 0, 
0.000164898, 0, 
0.00541299, 0, 
0.150148, 0, 
0.0271654, 0, 
0.371346, 0, 
4.33984e-06, 0, 
0.000143195, 0, 
0.00470382, 0, 
0.133487, 0, 
0.0449525, 0, 
0.340461, 0, 
1.84621e-05, 0, 
0.000608889, 0, 
0.0197055, 0, 
0.343963, 0, 
1.57303e-05, 0, 
0.000518837, 0, 
0.0168396, 0, 
0.32272, 0, 
4.09185e-05, 0, 
0.00134854, 0, 
0.0426211, 0, 
0.348997, 0, 
1.24735e-05, 0, 
0.000411462, 0, 
0.0134006, 0, 
0.287174, 0, 
0.000187124, 0, 
0.00613822, 0, 
0.166337, 0, 
0.0162631, 0, 
0.317573, 0, 
5.13039e-05, 0, 
0.00169025, 0, 
0.052839, 0, 
0.306923, 0, 
8.13847e-05, 0, 
0.00267871, 0, 
0.0811264, 0, 
0.178591, 0, 
0.010871, 0, 
0.252859, 0, 
0.000741791, 0, 
0.0239047, 0, 
0.363704, 0, 
6.25683e-06, 0, 
0.000206434, 0, 
0.00676747, 0, 
0.179709, 0, 
0.0104726, 0, 
0.246751, 0, 
0.000939288, 0, 
0.0300783, 0, 
0.373543, 0, 
3.90275e-06, 0, 
0.000128775, 0, 
0.00423209, 0, 
0.121935, 0, 
0.0627329, 0, 
0.260398, 0, 
0.000552197, 0, 
0.0179032, 0, 
0.331423, 0, 
2.77809e-05, 0, 
0.000915954, 0, 
0.029353, 0, 
0.373361, 0, 
3.93738e-06, 0, 
0.000129917, 0, 
0.00426948, 0, 
0.122865, 0, 
0.0611044, 0, 
0.268127, 0, 
0.000406257, 0, 
0.0132333, 0, 
0.285132, 0, 
0.000203607, 0, 
0.00667538, 0, 
0.17779, 0, 
0.0111651, 0, 
0.25724, 0, 
0.000625183, 0, 
0.0202223, 0, 
0.347077, 0, 
1.36308e-05, 0, 
0.00044962, 0, 
0.0146255, 0, 
0.301208, 0, 
0.000103877, 0, 
0.00341656, 0, 
0.101051, 0, 
0.1103, 0, 
0.0864734, 0, 
0.157934, 0, 
0.0212847, 0, 
0.352846, 0, 
1.04312e-05, 0, 
0.000344115, 0, 
0.0112314, 0, 
0.258213, 0, 
0.000601771, 0, 
0.0194796, 0, 
0.342536, 0, 
1.67929e-05, 0, 
0.000553869, 0, 
0.0179565, 0, 
0.331832, 0, 
2.72752e-05, 0, 
0.000899297, 0, 
0.0288346, 0, 
0.373087, 0, 
3.98982e-06, 0, 
0.000131647, 0, 
0.0043261, 0, 
0.124268, 0, 
0.0587159, 0, 
0.279468, 0, 
0.000256889, 0, 
0.00840793, 0, 
0.211768, 0, 
0.00344592, 0, 
0.101823, 0, 
0.108128, 0, 
0.091649, 0, 
0.13956, 0, 
0.0375265, 0, 
0.364161, 0, 
6.12243e-06, 0, 
0.000202001, 0, 
0.00662307, 0, 
0.176695, 0, 
0.0115794, 0, 
0.263232, 0, 
0.000493678, 0, 
0.016036, 0, 
0.31546, 0, 
5.62625e-05, 0, 
0.00185332, 0, 
0.0576348, 0, 
0.284587, 0, 
0.000208235, 0, 
0.0068261, 0, 
0.180924, 0, 
0.0100551, 0, 
0.240133, 0, 
0.00120938, 0, 
0.0383935, 0, 
0.361983, 0, 
6.78949e-06, 0, 
0.000224004, 0, 
0.00733934, 0, 
0.191336, 0, 
0.00706137, 0, 
0.185746, 0, 
0.00854571, 0, 
0.214283, 0, 
0.00314785, 0, 
0.0939099, 0, 
0.132041, 0, 
0.0469024, 0, 
0.33274, 0, 
2.61854e-05, 0, 
0.000863395, 0, 
0.0277153, 0, 
0.372069, 0, 
4.19093e-06, 0, 
0.000138282, 0, 
0.00454316, 0, 
0.129595, 0, 
0.050371, 0, 
0.317996, 0, 
5.03636e-05, 0, 
0.00165932, 0, 
0.0519236, 0, 
0.311075, 0, 
6.80577e-05, 0, 
0.00224102, 0, 
0.0688303, 0, 
0.231855, 0, 
0.00165164, 0, 
0.051696, 0, 
0.3121, 0, 
6.51063e-05, 0, 
0.00214404, 0, 
0.0660568, 0, 
0.24473, 0, 
0.00101503, 0, 
0.0324249, 0, 
0.372651, 0, 
4.07482e-06, 0, 
0.000134451, 0, 
0.00441785, 0, 
0.12653, 0, 
0.0550362, 0, 
0.296789, 0, 
0.000125229, 0, 
0.00411602, 0, 
0.119034, 0, 
0.0680575, 0, 
0.235419, 0, 
0.00144514, 0, 
0.0455328, 0, 
0.338213, 0, 
2.04496e-05, 0, 
0.000674394, 0, 
0.0217797, 0, 
0.355254, 0, 
9.32143e-06, 0, 
0.000307516, 0, 
0.0100486, 0, 
0.240029, 0, 
0.00121416, 0, 
0.0385396, 0, 
0.361598, 0, 
6.91445e-06, 0, 
0.000228126, 0, 
0.00747341, 0, 
0.193991, 0, 
0.00644427, 0, 
0.172917, 0, 
0.0131194, 0, 
0.283724, 0, 
0.000215764, 0, 
0.00707121, 0, 
0.185946, 0, 
0.00848796, 0, 
0.213232, 0, 
0.00326931, 0, 
0.0971541, 0, 
0.12179, 0, 
0.0629905, 0, 
0.259177, 0, 
0.000579386, 0, 
0.0187684, 0, 
0.337777, 0, 
2.08582e-05, 0, 
0.000687861, 0, 
0.0222051, 0, 
0.357187, 0, 
8.51389e-06, 0, 
0.000280882, 0, 
0.00918615, 0, 
0.225628, 0, 
0.00208108, 0, 
0.0642468, 0, 
0.253237, 0, 
0.000730941, 0, 
0.0235632, 0, 
0.362544, 0, 
6.61123e-06, 0, 
0.000218124, 0, 
0.00714803, 0, 
0.187501, 0, 
0.00805089, 0, 
0.205125, 0, 
0.00436614, 0, 
0.125257, 0, 
0.0570816, 0, 
0.287198, 0, 
0.000186937, 0, 
0.00613213, 0, 
0.166204, 0, 
0.016333, 0, 
0.318214, 0, 
4.9886e-05, 0, 
0.00164361, 0, 
0.0514579, 0, 
0.313168, 0, 
6.21597e-05, 0, 
0.00204719, 0, 
0.0632693, 0, 
0.257857, 0, 
0.000610226, 0, 
0.0197479, 0, 
0.344226, 0, 
1.55413e-05, 0, 
0.000512607, 0, 
0.0166407, 0, 
0.320979, 0, 
4.41818e-05, 0, 
0.00145594, 0, 
0.0458573, 0, 
0.336937, 0, 
2.16678e-05, 0, 
0.000714541, 0, 
0.0230466, 0, 
0.360648, 0, 
7.23219e-06, 0, 
0.000238607, 0, 
0.00781413, 0, 
0.200619, 0, 
0.00511694, 0, 
0.143295, 0, 
0.0335237, 0, 
0.371522, 0, 
4.3031e-06, 0, 
0.000141983, 0, 
0.00466419, 0, 
0.132531, 0, 
0.0462333, 0, 
0.335442, 0, 
2.31833e-05, 0, 
0.000764481, 0, 
0.024618, 0, 
0.365896, 0, 
5.63635e-06, 0, 
0.000185966, 0, 
0.00610046, 0, 
0.165515, 0, 
0.0167013, 0, 
0.321514, 0, 
4.31548e-05, 0, 
0.00142214, 0, 
0.0448414, 0, 
0.340886, 0, 
1.81077e-05, 0, 
0.000597209, 0, 
0.0193347, 0, 
0.3416, 0, 
1.75271e-05, 0, 
0.000578071, 0, 
0.0187266, 0, 
0.337485, 0, 
2.11369e-05, 0, 
0.000697045, 0, 
0.0224949, 0, 
0.358432, 0, 
8.0294e-06, 0, 
0.000264902, 0, 
0.00866797, 0, 
0.216493, 0, 
0.00290623, 0, 
0.0873769, 0, 
0.15461, 0, 
0.0236363, 0, 
0.362799, 0, 
6.53185e-06, 0, 
0.000215506, 0, 
0.00706282, 0, 
0.185776, 0, 
0.00853716, 0, 
0.214128, 0, 
0.00316552, 0, 
0.0943835, 0, 
0.130505, 0, 
0.0490551, 0, 
0.32372, 0, 
3.91499e-05, 0, 
0.00129033, 0, 
0.0408574, 0, 
0.354851, 0, 
9.49887e-06, 0, 
0.000313367, 0, 
0.0102379, 0, 
0.243059, 0, 
0.00108195, 0, 
0.0344888, 0, 
0.370191, 0, 
4.58794e-06, 0, 
0.00015138, 0, 
0.00497139, 0, 
0.139872, 0, 
0.0371763, 0, 
0.364987, 0, 
5.88632e-06, 0, 
0.000194212, 0, 
0.00636928, 0, 
0.171319, 0, 
0.0138268, 0, 
0.292238, 0, 
0.000151578, 0, 
0.00497785, 0, 
0.140024, 0, 
0.0370061, 0, 
0.365376, 0, 
5.77794e-06, 0, 
0.000190637, 0, 
0.00625274, 0, 
0.168816, 0, 
0.0150048, 0, 
0.305236, 0, 
8.74859e-05, 0, 
0.00287896, 0, 
0.0866327, 0, 
0.157344, 0, 
0.0216857, 0, 
0.35481, 0, 
9.51711e-06, 0, 
0.000313969, 0, 
0.0102574, 0, 
0.243368, 0, 
0.00106928, 0, 
0.0340986, 0, 
0.370766, 0, 
4.46276e-06, 0, 
0.00014725, 0, 
0.00483641, 0, 
0.136666, 0, 
0.0409166, 0, 
0.354664, 0, 
9.58237e-06, 0, 
0.000316121, 0, 
0.010327, 0, 
0.244468, 0, 
0.00102523, 0, 
0.03274, 0, 
0.372371, 0, 
4.13033e-06, 0, 
0.000136283, 0, 
0.00447776, 0, 
0.127999, 0, 
0.0527553, 0, 
0.307305, 0, 
8.00612e-05, 0, 
0.00263526, 0, 
0.0799219, 0, 
0.183472, 0, 
0.009229, 0, 
0.226367, 0, 
0.00202508, 0, 
0.0626301, 0, 
0.260885, 0, 
0.000541688, 0, 
0.0175684, 0, 
0.328792, 0, 
3.12514e-05, 0, 
0.00103027, 0, 
0.0328956, 0, 
0.37222, 0, 
4.16065e-06, 0, 
0.000137283, 0, 
0.00451048, 0, 
0.128799, 0, 
0.0515488, 0, 
0.312761, 0, 
6.32682e-05, 0, 
0.00208363, 0, 
0.0643201, 0, 
0.252891, 0, 
0.000740843, 0, 
0.0238748, 0, 
0.363606, 0, 
6.28618e-06, 0, 
0.000207402, 0, 
0.006799, 0, 
0.180363, 0, 
0.0102459, 0, 
0.243186, 0, 
0.00107674, 0, 
0.0343282, 0, 
0.370434, 0, 
4.53472e-06, 0, 
0.000149624, 0, 
0.004914, 0, 
0.138513, 0, 
0.038723, 0, 
0.361107, 0, 
7.07686e-06, 0, 
0.000233484, 0, 
0.0076476, 0, 
0.197401, 0, 
0.00572565, 0, 
0.157231, 0, 
0.0217634, 0, 
0.355178, 0, 
9.35494e-06, 0, 
0.000308621, 0, 
0.0100844, 0, 
0.240605, 0, 
0.00118791, 0, 
0.0377381, 0, 
0.363646, 0, 
6.27405e-06, 0, 
0.000207002, 0, 
0.00678596, 0, 
0.180093, 0, 
0.010339, 0, 
0.244658, 0, 
0.0010178, 0, 
0.0325106, 0, 
0.372579, 0, 
4.08914e-06, 0, 
0.000134924, 0, 
0.0044333, 0, 
0.126909, 0, 
0.0544389, 0, 
0.299565, 0, 
0.000111373, 0, 
0.00366224, 0, 
0.107466, 0, 
0.0932773, 0, 
0.134114, 0, 
0.0441301, 0, 
0.343566, 0, 
1.60191e-05, 0, 
0.000528361, 0, 
0.0171435, 0, 
0.32531, 0, 
3.64882e-05, 0, 
0.0012027, 0, 
0.0381899, 0, 
0.362511, 0, 
6.62157e-06, 0, 
0.000218466, 0, 
0.00715913, 0, 
0.187725, 0, 
0.00798966, 0, 
0.203967, 0, 
0.00454843, 0, 
0.129724, 0, 
0.0501833, 0, 
0.318821, 0, 
4.85759e-05, 0, 
0.00160051, 0, 
0.0501779, 0, 
0.318845, 0, 
4.85258e-05, 0, 
0.00159887, 0, 
0.0501289, 0, 
0.31906, 0, 
4.80702e-05, 0, 
0.00158388, 0, 
0.0496828, 0, 
0.321007, 0, 
4.41282e-05, 0, 
0.00145418, 0, 
0.0458044, 0, 
0.337146, 0, 
2.14634e-05, 0, 
0.000707806, 0, 
0.0228343, 0, 
0.359819, 0, 
7.52106e-06, 0, 
0.000248135, 0, 
0.0081237, 0, 
0.206494, 0, 
0.00415932, 0, 
0.120119, 0, 
0.0660222, 0, 
0.244891, 0, 
0.00100876, 0, 
0.0322312, 0, 
0.372805, 0, 
4.04456e-06, 0, 
0.000133453, 0, 
0.00438518, 0, 
0.125726, 0, 
0.0563199, 0, 
0.290783, 0, 
0.000161069, 0, 
0.00528796, 0, 
0.147271, 0, 
0.029688, 0, 
0.373473, 0, 
3.91595e-06, 0, 
0.00012921, 0, 
0.00424634, 0, 
0.12229, 0, 
0.0621074, 0, 
0.263364, 0, 
0.000491087, 0, 
0.0159531, 0, 
0.314677, 0, 
5.82146e-05, 0, 
0.00191751, 0, 
0.0595082, 0, 
0.275709, 0, 
0.000299352, 0, 
0.00978444, 0, 
0.235723, 0, 
0.00142871, 0, 
0.0450389, 0, 
0.340129, 0, 
1.87435e-05, 0, 
0.000618165, 0, 
0.0199998, 0, 
0.345761, 0, 
1.44826e-05, 0, 
0.000477704, 0, 
0.015525, 0, 
0.310525, 0, 
6.96959e-05, 0, 
0.00229484, 0, 
0.0703619, 0, 
0.224852, 0, 
0.0021415, 0, 
0.0659839, 0, 
0.245071, 0, 
0.00100186, 0, 
0.0320176, 0, 
0.372959, 0, 
4.01456e-06, 0, 
0.000132464, 0, 
0.00435281, 0, 
0.124928, 0, 
0.0576208, 0, 
0.284653, 0, 
0.000207669, 0, 
0.00680767, 0, 
0.180543, 0, 
0.0101844, 0, 
0.242208, 0, 
0.00111766, 0, 
0.0355863, 0, 
0.368319, 0, 
5.01948e-06, 0, 
0.000165616, 0, 
0.00543645, 0, 
0.150685, 0, 
0.0267167, 0, 
0.370641, 0, 
4.4897e-06, 0, 
0.000148139, 0, 
0.00486546, 0, 
0.137358, 0, 
0.0400812, 0, 
0.357239, 0, 
8.49307e-06, 0, 
0.000280195, 0, 
0.00916389, 0, 
0.225243, 0, 
0.00211084, 0, 
0.0651032, 0, 
0.249203, 0, 
0.000854636, 0, 
0.0274418, 0, 
0.371728, 0, 
4.26047e-06, 0, 
0.000140576, 0, 
0.00461819, 0, 
0.131418, 0, 
0.0477649, 0, 
0.329182, 0, 
3.0711e-05, 0, 
0.00101247, 0, 
0.0323457, 0, 
0.372716, 0, 
4.06209e-06, 0, 
0.000134032, 0, 
0.00440411, 0, 
0.126192, 0, 
0.0555726, 0, 
0.294286, 0, 
0.000139126, 0, 
0.00457076, 0, 
0.130267, 0, 
0.0493964, 0, 
0.322249, 0, 
4.17782e-05, 0, 
0.00137684, 0, 
0.043476, 0, 
0.345965, 0, 
1.43478e-05, 0, 
0.000473261, 0, 
0.0153828, 0, 
0.309106, 0, 
7.40954e-05, 0, 
0.00243936, 0, 
0.074447, 0, 
0.206634, 0, 
0.00413871, 0, 
0.119603, 0, 
0.0669835, 0, 
0.240403, 0, 
0.00119706, 0, 
0.0380176, 0, 
0.36295, 0, 
6.48504e-06, 0, 
0.000213962, 0, 
0.00701257, 0, 
0.184753, 0, 
0.0088382, 0, 
0.219535, 0, 
0.00260214, 0, 
0.0790013, 0, 
0.187256, 0, 
0.00811826, 0, 
0.206392, 0, 
0.0041744, 0, 
0.120496, 0, 
0.0653274, 0, 
0.24815, 0, 
0.000890082, 0, 
0.0285475, 0, 
0.372883, 0, 
4.02945e-06, 0, 
0.000132955, 0, 
0.00436888, 0, 
0.125324, 0, 
0.0569714, 0, 
0.287718, 0, 
0.000182958, 0, 
0.00600237, 0, 
0.163368, 0, 
0.017897, 0, 
0.331375, 0, 
2.78408e-05, 0, 
0.000917927, 0, 
0.0294144, 0, 
0.373385, 0, 
3.93274e-06, 0, 
0.000129764, 0, 
0.00426447, 0, 
0.12274, 0, 
0.0613202, 0, 
0.267102, 0, 
0.000423244, 0, 
0.0137791, 0, 
0.291682, 0, 
0.000155141, 0, 
0.00509431, 0, 
0.142765, 0, 
0.0340673, 0, 
0.37081, 0, 
4.45331e-06, 0, 
0.000146938, 0, 
0.00482622, 0, 
0.136423, 0, 
0.0412136, 0, 
0.353715, 0, 
1.00168e-05, 0, 
0.000330448, 0, 
0.0107901, 0, 
0.251634, 0, 
0.000777922, 0, 
0.02504, 0, 
0.367051, 0, 
5.33395e-06, 0, 
0.00017599, 0, 
0.00577506, 0, 
0.158336, 0, 
0.0210152, 0, 
0.351462, 0, 
1.11258e-05, 0, 
0.000367021, 0, 
0.0119703, 0, 
0.268694, 0, 
0.000397138, 0, 
0.01294, 0, 
0.281477, 0, 
0.000236627, 0, 
0.00774979, 0, 
0.19938, 0, 
0.00534365, 0, 
0.148556, 0, 
0.0285366, 0, 
0.372874, 0, 
4.03112e-06, 0, 
0.00013301, 0, 
0.00437068, 0, 
0.125369, 0, 
0.056899, 0, 
0.288059, 0, 
0.000180389, 0, 
0.00591858, 0, 
0.161523, 0, 
0.0189875, 0, 
0.339287, 0, 
1.94757e-05, 0, 
0.000642299, 0, 
0.0207645, 0, 
0.350126, 0, 
1.18378e-05, 0, 
0.000390499, 0, 
0.0127264, 0, 
0.278754, 0, 
0.000264492, 0, 
0.00865465, 0, 
0.216253, 0, 
0.00293157, 0, 
0.0880671, 0, 
0.152104, 0, 
0.0255635, 0, 
0.368339, 0, 
5.0148e-06, 0, 
0.000165462, 0, 
0.00543141, 0, 
0.15057, 0, 
0.0268125, 0, 
0.3708, 0, 
4.45542e-06, 0, 
0.000147008, 0, 
0.00482849, 0, 
0.136477, 0, 
0.0411473, 0, 
0.353929, 0, 
9.91742e-06, 0, 
0.000327171, 0, 
0.0106842, 0, 
0.250019, 0, 
0.000828113, 0, 
0.0266128, 0, 
0.370463, 0, 
4.52837e-06, 0, 
0.000149415, 0, 
0.00490716, 0, 
0.13835, 0, 
0.0389117, 0, 
0.360595, 0, 
7.25051e-06, 0, 
0.000239211, 0, 
0.00783377, 0, 
0.200996, 0, 
0.00504976, 0, 
0.141719, 0, 
0.0351628, 0, 
0.369085, 0, 
4.83843e-06, 0, 
0.000159643, 0, 
0.00524139, 0, 
0.146193, 0, 
0.0306867, 0, 
0.373523, 0, 
3.90652e-06, 0, 
0.000128899, 0, 
0.00423616, 0, 
0.122037, 0, 
0.0625533, 0, 
0.261249, 0, 
0.000533953, 0, 
0.0173219, 0, 
0.326791, 0, 
3.41651e-05, 0, 
0.00112622, 0, 
0.0358489, 0, 
0.367818, 0, 
5.14155e-06, 0, 
0.000169643, 0, 
0.00556791, 0, 
0.153678, 0, 
0.0243372, 0, 
0.36507, 0, 
5.86288e-06, 0, 
0.000193439, 0, 
0.00634408, 0, 
0.170779, 0, 
0.0140732, 0, 
0.295078, 0, 
0.000134576, 0, 
0.00442193, 0, 
0.12663, 0, 
0.0548777, 0, 
0.297527, 0, 
0.000121393, 0, 
0.00399044, 0, 
0.115869, 0, 
0.0743042, 0, 
0.207259, 0, 
0.00404796, 0, 
0.117322, 0, 
0.071378, 0, 
0.220255, 0, 
0.00253472, 0, 
0.0771211, 0, 
0.195127, 0, 
0.00619588, 0, 
0.167588, 0, 
0.0156166, 0, 
0.311428, 0, 
6.70278e-05, 0, 
0.00220718, 0, 
0.0678646, 0, 
0.236312, 0, 
0.00139739, 0, 
0.0440958, 0, 
0.343693, 0, 
1.59259e-05, 0, 
0.000525286, 0, 
0.0170454, 0, 
0.324483, 0, 
3.78498e-05, 0, 
0.00124753, 0, 
0.0395564, 0, 
0.358782, 0, 
7.89826e-06, 0, 
0.000260577, 0, 
0.00852762, 0, 
0.213955, 0, 
0.00318536, 0, 
0.0949148, 0, 
0.128798, 0, 
0.0515491, 0, 
0.312759, 0, 
6.32715e-05, 0, 
0.00208373, 0, 
0.0643232, 0, 
0.252877, 0, 
0.000741262, 0, 
0.023888, 0, 
0.363649, 0, 
6.27316e-06, 0, 
0.000206973, 0, 
0.00678501, 0, 
0.180073, 0, 
0.0103459, 0, 
0.244766, 0, 
0.00101362, 0, 
0.0323814, 0, 
0.372687, 0, 
4.06776e-06, 0, 
0.000134219, 0, 
0.00441023, 0, 
0.126342, 0, 
0.0553329, 0, 
0.295405, 0, 
0.000132736, 0, 
0.00436172, 0, 
0.125148, 0, 
0.0572597, 0, 
0.286358, 0, 
0.000193552, 0, 
0.00634778, 0, 
0.170859, 0, 
0.0140368, 0, 
0.294662, 0, 
0.000136946, 0, 
0.00449947, 0, 
0.12853, 0, 
0.0519519, 0, 
0.310948, 0, 
6.84343e-05, 0, 
0.00225339, 0, 
0.069183, 0, 
0.230235, 0, 
0.00175446, 0, 
0.0547337, 0, 
0.298196, 0, 
0.000118009, 0, 
0.0038796, 0, 
0.113052, 0, 
0.0802653, 0, 
0.182072, 0, 
0.00967465, 0, 
0.233906, 0, 
0.00152959, 0, 
0.0480636, 0, 
0.327932, 0, 
3.24727e-05, 0, 
0.00107049, 0, 
0.0341358, 0, 
0.370713, 0, 
4.47408e-06, 0, 
0.000147623, 0, 
0.00484861, 0, 
0.136957, 0, 
0.0405635, 0, 
0.35577, 0, 
9.09915e-06, 0, 
0.000300185, 0, 
0.00981137, 0, 
0.236166, 0, 
0.00140506, 0, 
0.0443271, 0, 
0.342831, 0, 
1.65678e-05, 0, 
0.000546449, 0, 
0.0177201, 0, 
0.329996, 0, 
2.9614e-05, 0, 
0.000976338, 0, 
0.0312276, 0, 
0.373378, 0, 
3.93407e-06, 0, 
0.000129808, 0, 
0.00426591, 0, 
0.122776, 0, 
0.0612582, 0, 
0.267396, 0, 
0.000418298, 0, 
0.0136203, 0, 
0.289809, 0, 
0.000167737, 0, 
0.00550569, 0, 
0.152265, 0, 
0.0254355, 0, 
0.368038, 0, 
5.08758e-06, 0, 
0.000167863, 0, 
0.0055098, 0, 
0.152358, 0, 
0.0253615, 0, 
0.36786, 0, 
5.13116e-06, 0, 
0.000169301, 0, 
0.00555673, 0, 
0.153424, 0, 
0.0245311, 0, 
0.365646, 0, 
5.7042e-06, 0, 
0.000188204, 0, 
0.00617344, 0, 
0.167102, 0, 
0.015865, 0, 
0.313837, 0, 
6.03805e-05, 0, 
0.00198871, 0, 
0.0615772, 0, 
0.265881, 0, 
0.000444351, 0, 
0.0144565, 0, 
0.299366, 0, 
0.000112313, 0, 
0.00369303, 0, 
0.108263, 0, 
0.0913223, 0, 
0.140672, 0, 
0.0362921, 0, 
0.366927, 0, 
5.3656e-06, 0, 
0.000177034, 0, 
0.00580913, 0, 
0.159095, 0, 
0.0205148, 0, 
0.348749, 0, 
1.26175e-05, 0, 
0.00041621, 0, 
0.0135532, 0, 
0.28901, 0, 
0.000173404, 0, 
0.00569066, 0, 
0.156446, 0, 
0.0223093, 0, 
0.357641, 0, 
8.33393e-06, 0, 
0.000274946, 0, 
0.00899374, 0, 
0.222279, 0, 
0.0023538, 0, 
0.0720334, 0, 
0.217312, 0, 
0.00282125, 0, 
0.0850535, 0, 
0.163256, 0, 
0.0179617, 0, 
0.331873, 0, 
2.7226e-05, 0, 
0.000897676, 0, 
0.0287841, 0, 
0.373054, 0, 
3.99623e-06, 0, 
0.000131859, 0, 
0.00433301, 0, 
0.124439, 0, 
0.0584304, 0, 
0.280821, 0, 
0.000243063, 0, 
0.00795893, 0, 
0.203384, 0, 
0.00464294, 0, 
0.132018, 0, 
0.0469348, 0, 
0.332608, 0, 
2.63413e-05, 0, 
0.000868532, 0, 
0.0278756, 0, 
0.372252, 0, 
4.15412e-06, 0, 
0.000137068, 0, 
0.00450344, 0, 
0.128627, 0, 
0.0518062, 0, 
0.311604, 0, 
6.65182e-05, 0, 
0.00219043, 0, 
0.0673859, 0, 
0.238532, 0, 
0.00128505, 0, 
0.040697, 0, 
0.355355, 0, 
9.27778e-06, 0, 
0.000306076, 0, 
0.010002, 0, 
0.239277, 0, 
0.00124931, 0, 
0.0396106, 0, 
0.358625, 0, 
7.95673e-06, 0, 
0.000262505, 0, 
0.0085902, 0, 
0.21509, 0, 
0.00305754, 0, 
0.0914805, 0, 
0.140132, 0, 
0.0368861, 0, 
0.365647, 0, 
5.70396e-06, 0, 
0.000188196, 0, 
0.00617319, 0, 
0.167096, 0, 
0.0158679, 0, 
0.313864, 0, 
6.03089e-05, 0, 
0.00198636, 0, 
0.061509, 0, 
0.266205, 0, 
0.000438651, 0, 
0.0142737, 0, 
0.29734, 0, 
0.000122353, 0, 
0.00402188, 0, 
0.116664, 0, 
0.0726911, 0, 
0.214376, 0, 
0.00313731, 0, 
0.0936273, 0, 
0.132964, 0, 
0.0456493, 0, 
0.337757, 0, 
2.08776e-05, 0, 
0.000688501, 0, 
0.0222252, 0, 
0.357275, 0, 
8.47854e-06, 0, 
0.000279716, 0, 
0.00914836, 0, 
0.224974, 0, 
0.00213186, 0, 
0.0657073, 0, 
0.246367, 0, 
0.000953281, 0, 
0.0305127, 0, 
0.373545, 0, 
3.90247e-06, 0, 
0.000128765, 0, 
0.00423179, 0, 
0.121928, 0, 
0.0627461, 0, 
0.260335, 0, 
0.000553561, 0, 
0.0179467, 0, 
0.331757, 0, 
2.73673e-05, 0, 
0.000902331, 0, 
0.028929, 0, 
0.373146, 0, 
3.97847e-06, 0, 
0.000131273, 0, 
0.00431384, 0, 
0.123964, 0, 
0.0592253, 0, 
0.277052, 0, 
0.000283467, 0, 
0.00926993, 0, 
0.227071, 0, 
0.00197308, 0, 
0.0611239, 0, 
0.268034, 0, 
0.000407764, 0, 
0.0132817, 0, 
0.285726, 0, 
0.00019867, 0, 
0.00651454, 0, 
0.174408, 0, 
0.0124904, 0, 
0.275685, 0, 
0.00029965, 0, 
0.00979406, 0, 
0.235881, 0, 
0.00142021, 0, 
0.0447832, 0, 
0.341108, 0, 
1.79254e-05, 0, 
0.000591198, 0, 
0.0191438, 0, 
0.34034, 0, 
1.85639e-05, 0, 
0.000612243, 0, 
0.0198119, 0, 
0.344621, 0, 
1.5262e-05, 0, 
0.000503402, 0, 
0.0163467, 0, 
0.318339, 0, 
4.96124e-05, 0, 
0.00163461, 0, 
0.051191, 0, 
0.314361, 0, 
5.90189e-05, 0, 
0.00194395, 0, 
0.0602777, 0, 
0.272054, 0, 
0.000347006, 0, 
0.0113247, 0, 
0.259573, 0, 
0.00057044, 0, 
0.0184839, 0, 
0.335757, 0, 
2.2856e-05, 0, 
0.000753695, 0, 
0.024279, 0, 
0.364893, 0, 
5.91258e-06, 0, 
0.000195078, 0, 
0.00639752, 0, 
0.171922, 0, 
0.0135559, 0, 
0.289043, 0, 
0.000173166, 0, 
0.00568291, 0, 
0.156272, 0, 
0.0224322, 0, 
0.358167, 0, 
8.13008e-06, 0, 
0.000268223, 0, 
0.0087757, 0, 
0.218423, 0, 
0.00270966, 0, 
0.0819823, 0, 
0.175173, 0, 
0.0121784, 0, 
0.27153, 0, 
0.000354415, 0, 
0.0115638, 0, 
0.263009, 0, 
0.00049805, 0, 
0.0161757, 0, 
0.316766, 0, 
5.31465e-05, 0, 
0.00175085, 0, 
0.0546273, 0, 
0.29869, 0, 
0.000115571, 0, 
0.00379975, 0, 
0.11101, 0, 
0.0848355, 0, 
0.164084, 0, 
0.01749, 0, 
0.328161, 0, 
3.21424e-05, 0, 
0.00105961, 0, 
0.0338008, 0, 
0.371171, 0, 
4.37644e-06, 0, 
0.000144402, 0, 
0.0047433, 0, 
0.134437, 0, 
0.0437112, 0, 
0.34511, 0, 
1.49233e-05, 0, 
0.000492235, 0, 
0.0159898, 0, 
0.315025, 0, 
5.73398e-05, 0, 
0.00188874, 0, 
0.0586697, 0, 
0.279688, 0, 
0.000254598, 0, 
0.00833355, 0, 
0.210399, 0, 
0.00361912, 0, 
0.106348, 0, 
0.0960804, 0, 
0.125113, 0, 
0.0573162, 0, 
0.286091, 0, 
0.000195697, 0, 
0.00641769, 0, 
0.172352, 0, 
0.0133658, 0, 
0.286751, 0, 
0.000190428, 0, 
0.00624593, 0, 
0.168669, 0, 
0.0150768, 0, 
0.305984, 0, 
8.47288e-05, 0, 
0.00278848, 0, 
0.084154, 0, 
0.166689, 0, 
0.0160785, 0, 
0.315859, 0, 
5.5292e-05, 0, 
0.00182141, 0, 
0.0567004, 0, 
0.288994, 0, 
0.000173518, 0, 
0.0056944, 0, 
0.15653, 0, 
0.0222504, 0, 
0.357385, 0, 
8.43479e-06, 0, 
0.000278273, 0, 
0.00910159, 0, 
0.224163, 0, 
0.00219653, 0, 
0.0675603, 0, 
0.237722, 0, 
0.00132499, 0, 
0.0419083, 0, 
0.351431, 0, 
1.11415e-05, 0, 
0.000367538, 0, 
0.0119869, 0, 
0.268923, 0, 
0.000393517, 0, 
0.0128235, 0, 
0.279998, 0, 
0.00025139, 0, 
0.00822939, 0, 
0.208469, 0, 
0.00387733, 0, 
0.112994, 0, 
0.0803922, 0, 
0.181557, 0, 
0.0098437, 0, 
0.236697, 0, 
0.00137725, 0, 
0.0434884, 0, 
0.345919, 0, 
1.43777e-05, 0, 
0.000474246, 0, 
0.0154144, 0, 
0.309422, 0, 
7.30921e-05, 0, 
0.0024064, 0, 
0.073519, 0, 
0.210709, 0, 
0.00357924, 0, 
0.105311, 0, 
0.0987404, 0, 
0.117005, 0, 
0.0720074, 0, 
0.217428, 0, 
0.00280938, 0, 
0.0847279, 0, 
0.164493, 0, 
0.0172608, 0, 
0.326287, 0, 
3.49388e-05, 0, 
0.00115169, 0, 
0.0366299, 0, 
0.366211, 0, 
5.55243e-06, 0, 
0.000183198, 0, 
0.00601018, 0, 
0.16354, 0, 
0.0177987, 0, 
0.330612, 0, 
2.88094e-05, 0, 
0.000949833, 0, 
0.0304057, 0, 
0.373552, 0, 
3.90115e-06, 0, 
0.000128722, 0, 
0.00423036, 0, 
0.121892, 0, 
0.0628089, 0, 
0.260038, 0, 
0.000560088, 0, 
0.0181545, 0, 
0.333334, 0, 
2.54958e-05, 0, 
0.000840675, 0, 
0.0270056, 0, 
0.371107, 0, 
4.39014e-06, 0, 
0.000144854, 0, 
0.00475808, 0, 
0.134792, 0, 
0.0432554, 0, 
0.346758, 0, 
1.38326e-05, 0, 
0.000456274, 0, 
0.0148388, 0, 
0.303491, 0, 
9.42581e-05, 0, 
0.00310115, 0, 
0.0926556, 0, 
0.136174, 0, 
0.0415189, 0, 
0.352723, 0, 
1.04916e-05, 0, 
0.000346105, 0, 
0.0112956, 0, 
0.25915, 0, 
0.000580007, 0, 
0.0187882, 0, 
0.337915, 0, 
2.07285e-05, 0, 
0.000683586, 0, 
0.0220701, 0, 
0.356587, 0, 
8.75702e-06, 0, 
0.000288901, 0, 
0.00944598, 0, 
0.230071, 0, 
0.0017652, 0, 
0.0550498, 0, 
0.296726, 0, 
0.000125562, 0, 
0.00412692, 0, 
0.119308, 0, 
0.0675396, 0, 
0.237818, 0, 
0.00132018, 0, 
0.0417627, 0, 
0.351917, 0, 
1.08925e-05, 0, 
0.000359326, 0, 
0.0117222, 0, 
0.265248, 0, 
0.000455694, 0, 
0.0148202, 0, 
0.303294, 0, 
9.50537e-05, 0, 
0.00312724, 0, 
0.093357, 0, 
0.133851, 0, 
0.0444729, 0, 
0.342283, 0, 
1.69881e-05, 0, 
0.000560302, 0, 
0.0181613, 0, 
0.333385, 0, 
2.54371e-05, 0, 
0.000838741, 0, 
0.0269451, 0, 
0.371013, 0, 
4.41003e-06, 0, 
0.000145511, 0, 
0.00477954, 0, 
0.135306, 0, 
0.0426018, 0, 
0.349064, 0, 
1.24348e-05, 0, 
0.000410186, 0, 
0.0133596, 0, 
0.286676, 0, 
0.000191021, 0, 
0.00626528, 0, 
0.169087, 0, 
0.0148733, 0, 
0.303856, 0, 
9.28008e-05, 0, 
0.00305334, 0, 
0.0913674, 0, 
0.140518, 0, 
0.0364607, 0, 
0.366573, 0, 
5.45709e-06, 0, 
0.000180053, 0, 
0.00590759, 0, 
0.16128, 0, 
0.0191354, 0, 
0.340284, 0, 
1.86116e-05, 0, 
0.000613817, 0, 
0.0198619, 0, 
0.344927, 0, 
1.50492e-05, 0, 
0.000496385, 0, 
0.0161225, 0, 
0.316271, 0, 
5.43082e-05, 0, 
0.00178906, 0, 
0.0557511, 0, 
0.293451, 0, 
0.000144081, 0, 
0.0047328, 0, 
0.134184, 0, 
0.044038, 0, 
0.343907, 0, 
1.57703e-05, 0, 
0.000520156, 0, 
0.0168817, 0, 
0.323084, 0, 
4.02663e-05, 0, 
0.00132708, 0, 
0.0419715, 0, 
0.351219, 0, 
1.1252e-05, 0, 
0.000371181, 0, 
0.0121043, 0, 
0.270526, 0, 
0.000369009, 0, 
0.0120343, 0, 
0.269572, 0, 
0.000383412, 0, 
0.0124983, 0, 
0.275788, 0, 
0.000298394, 0, 
0.00975342, 0, 
0.235211, 0, 
0.00145646, 0, 
0.045873, 0, 
0.336875, 0, 
2.17286e-05, 0, 
0.000716547, 0, 
0.0231098, 0, 
0.36089, 0, 
7.15018e-06, 0, 
0.000235902, 0, 
0.00772622, 0, 
0.198925, 0, 
0.00542931, 0, 
0.150522, 0, 
0.0268524, 0, 
0.370865, 0, 
4.44151e-06, 0, 
0.000146549, 0, 
0.00481349, 0, 
0.136119, 0, 
0.0415875, 0, 
0.352497, 0, 
1.06024e-05, 0, 
0.00034976, 0, 
0.0114136, 0, 
0.260859, 0, 
0.000542252, 0, 
0.0175864, 0, 
0.328935, 0, 
3.10514e-05, 0, 
0.00102368, 0, 
0.0326922, 0, 
0.372416, 0, 
4.1214e-06, 0, 
0.000135988, 0, 
0.00446812, 0, 
0.127763, 0, 
0.053116, 0, 
0.305659, 0, 
8.59191e-05, 0, 
0.00282755, 0, 
0.085226, 0, 
0.162603, 0, 
0.0183422, 0, 
0.334726, 0, 
2.39453e-05, 0, 
0.000789588, 0, 
0.025406, 0, 
0.367968, 0, 
5.10479e-06, 0, 
0.000168431, 0, 
0.00552833, 0, 
0.15278, 0, 
0.0250302, 0, 
0.367025, 0, 
5.34047e-06, 0, 
0.000176206, 0, 
0.00578208, 0, 
0.158493, 0, 
0.0209111, 0, 
0.350912, 0, 
1.14135e-05, 0, 
0.000376507, 0, 
0.0122759, 0, 
0.27284, 0, 
0.000336187, 0, 
0.0109755, 0, 
0.254427, 0, 
0.000697859, 0, 
0.0225206, 0, 
0.35854, 0, 
7.98878e-06, 0, 
0.000263562, 0, 
0.0086245, 0, 
0.21571, 0, 
0.0029898, 0, 
0.0896486, 0, 
0.146469, 0, 
0.0304278, 0, 
0.373551, 0, 
3.90135e-06, 0, 
0.000128729, 0, 
0.00423058, 0, 
0.121898, 0, 
0.0627994, 0, 
0.260083, 0, 
0.000559097, 0, 
0.0181229, 0, 
0.333097, 0, 
2.5769e-05, 0, 
0.000849675, 0, 
0.0272868, 0, 
0.371519, 0, 
4.30381e-06, 0, 
0.000142006, 0, 
0.00466495, 0, 
0.13255, 0, 
0.0462083, 0, 
0.335542, 0, 
2.3079e-05, 0, 
0.000761046, 0, 
0.02451, 0, 
0.365584, 0, 
5.7209e-06, 0, 
0.000188755, 0, 
0.0061914, 0, 
0.167491, 0, 
0.0156658, 0, 
0.31191, 0, 
6.56431e-05, 0, 
0.00216168, 0, 
0.0665626, 0, 
0.242365, 0, 
0.00111096, 0, 
0.0353804, 0, 
0.368698, 0, 
4.92908e-06, 0, 
0.000162634, 0, 
0.00533906, 0, 
0.14845, 0, 
0.0286296, 0, 
0.372945, 0, 
4.01732e-06, 0, 
0.000132555, 0, 
0.00435578, 0, 
0.125001, 0, 
0.0575, 0, 
0.285223, 0, 
0.000202839, 0, 
0.00665039, 0, 
0.177267, 0, 
0.0113611, 0, 
0.260101, 0, 
0.000558705, 0, 
0.0181105, 0, 
0.333003, 0, 
2.58781e-05, 0, 
0.000853269, 0, 
0.0273991, 0, 
0.371672, 0, 
4.27211e-06, 0, 
0.000140961, 0, 
0.00463076, 0, 
0.131723, 0, 
0.0473416, 0, 
0.330939, 0, 
2.83905e-05, 0, 
0.000936037, 0, 
0.0299773, 0, 
0.373531, 0, 
3.90497e-06, 0, 
0.000128848, 0, 
0.00423449, 0, 
0.121995, 0, 
0.0626271, 0, 
0.260899, 0, 
0.000541381, 0, 
0.0175587, 0, 
0.328713, 0, 
3.13607e-05, 0, 
0.00103387, 0, 
0.0330068, 0, 
0.372106, 0, 
4.1835e-06, 0, 
0.000138037, 0, 
0.00453515, 0, 
0.1294, 0, 
0.0506573, 0, 
0.316732, 0, 
5.32251e-05, 0, 
0.00175344, 0, 
0.0547035, 0, 
0.298337, 0, 
0.000117311, 0, 
0.00385675, 0, 
0.112469, 0, 
0.0815493, 0, 
0.176897, 0, 
0.0115017, 0, 
0.262124, 0, 
0.000515814, 0, 
0.0167431, 0, 
0.32188, 0, 
4.24634e-05, 0, 
0.00139939, 0, 
0.0441561, 0, 
0.343469, 0, 
1.60904e-05, 0, 
0.00053071, 0, 
0.0172184, 0, 
0.325935, 0, 
3.5489e-05, 0, 
0.00116981, 0, 
0.0371845, 0, 
0.364968, 0, 
5.89166e-06, 0, 
0.000194388, 0, 
0.00637502, 0, 
0.171441, 0, 
0.0137712, 0, 
0.29159, 0, 
0.000155742, 0, 
0.00511392, 0, 
0.143224, 0, 
0.0335959, 0, 
0.371433, 0, 
4.32157e-06, 0, 
0.000142592, 0, 
0.00468412, 0, 
0.133012, 0, 
0.0455848, 0, 
0.33801, 0, 
2.06395e-05, 0, 
0.000680652, 0, 
0.0219774, 0, 
0.356168, 0, 
8.93081e-06, 0, 
0.000294633, 0, 
0.00963162, 0, 
0.23319, 0, 
0.00157121, 0, 
0.0493054, 0, 
0.322642, 0, 
4.10593e-05, 0, 
0.00135318, 0, 
0.0427612, 0, 
0.348508, 0, 
1.27588e-05, 0, 
0.00042087, 0, 
0.0137029, 0, 
0.290786, 0, 
0.000161047, 0, 
0.00528725, 0, 
0.147255, 0, 
0.029703, 0, 
0.373477, 0, 
3.9152e-06, 0, 
0.000129186, 0, 
0.00424554, 0, 
0.12227, 0, 
0.0621424, 0, 
0.263198, 0, 
0.00049433, 0, 
0.0160568, 0, 
0.315656, 0, 
5.57841e-05, 0, 
0.00183759, 0, 
0.0571745, 0, 
0.28676, 0, 
0.000190358, 0, 
0.00624366, 0, 
0.16862, 0, 
0.0151009, 0, 
0.306234, 0, 
8.38284e-05, 0, 
0.00275893, 0, 
0.0833411, 0, 
0.169833, 0, 
0.0145156, 0, 
0.300013, 0, 
0.000109277, 0, 
0.00359356, 0, 
0.105684, 0, 
0.0977776, 0, 
0.119891, 0, 
0.0664449, 0, 
0.242915, 0, 
0.00108792, 0, 
0.0346723, 0, 
0.369904, 0, 
4.65173e-06, 0, 
0.000153484, 0, 
0.00504016, 0, 
0.141493, 0, 
0.0354036, 0, 
0.368656, 0, 
4.93901e-06, 0, 
0.000162962, 0, 
0.00534976, 0, 
0.148696, 0, 
0.0284129, 0, 
0.372774, 0, 
4.05076e-06, 0, 
0.000133658, 0, 
0.00439188, 0, 
0.125891, 0, 
0.0560544, 0, 
0.292029, 0, 
0.000152907, 0, 
0.00502132, 0, 
0.14105, 0, 
0.0358808, 0, 
0.367756, 0, 
5.15693e-06, 0, 
0.000170151, 0, 
0.00558448, 0, 
0.154053, 0, 
0.024053, 0, 
0.364185, 0, 
6.11522e-06, 0, 
0.000201763, 0, 
0.00661532, 0, 
0.176532, 0, 
0.0116421, 0, 
0.26412, 0, 
0.000476582, 0, 
0.0154891, 0, 
0.310168, 0, 
7.07774e-05, 0, 
0.00233037, 0, 
0.0713699, 0, 
0.220291, 0, 
0.00253132, 0, 
0.0770259, 0, 
0.195531, 0, 
0.00610986, 0, 
0.16572, 0, 
0.0165911, 0, 
0.320539, 0, 
4.50462e-05, 0, 
0.00148438, 0, 
0.0467107, 0, 
0.33352, 0, 
2.5283e-05, 0, 
0.000833665, 0, 
0.0267864, 0, 
0.370757, 0, 
4.46462e-06, 0, 
0.000147312, 0, 
0.00483842, 0, 
0.136714, 0, 
0.0408582, 0, 
0.354849, 0, 
9.50001e-06, 0, 
0.000313405, 0, 
0.0102391, 0, 
0.243078, 0, 
0.00108115, 0, 
0.0344642, 0, 
0.370229, 0, 
4.57964e-06, 0, 
0.000151106, 0, 
0.00496244, 0, 
0.13966, 0, 
0.0374135, 0, 
0.364431, 0, 
6.04429e-06, 0, 
0.000199423, 0, 
0.00653909, 0, 
0.174927, 0, 
0.0122781, 0, 
0.272869, 0, 
0.000335792, 0, 
0.0109627, 0, 
0.254235, 0, 
0.000703081, 0, 
0.0226853, 0, 
0.35922, 0, 
7.73685e-06, 0, 
0.000255253, 0, 
0.00835481, 0, 
0.210791, 0, 
0.00356868, 0, 
0.105036, 0, 
0.0994562, 0, 
0.114895, 0, 
0.0763221, 0, 
0.198528, 0, 
0.00550508, 0, 
0.152251, 0, 
0.0254466, 0, 
0.368065, 0, 
5.08114e-06, 0, 
0.00016765, 0, 
0.00550286, 0, 
0.1522, 0, 
0.0254867, 0, 
0.36816, 0, 
5.05806e-06, 0, 
0.000166889, 0, 
0.005478, 0, 
0.151634, 0, 
0.0259402, 0, 
0.369171, 0, 
4.81863e-06, 0, 
0.00015899, 0, 
0.00522005, 0, 
0.145698, 0, 
0.0311555, 0, 
0.373404, 0, 
3.9291e-06, 0, 
0.000129644, 0, 
0.00426054, 0, 
0.122643, 0, 
0.0614899, 0, 
0.266296, 0, 
0.000437072, 0, 
0.014223, 0, 
0.296772, 0, 
0.000125317, 0, 
0.00411891, 0, 
0.119107, 0, 
0.0679199, 0, 
0.236056, 0, 
0.00141093, 0, 
0.0445039, 0, 
0.342167, 0, 
1.7079e-05, 0, 
0.000563298, 0, 
0.0182567, 0, 
0.334095, 0, 
2.46363e-05, 0, 
0.000812356, 0, 
0.0261196, 0, 
0.369539, 0, 
4.73408e-06, 0, 
0.000156201, 0, 
0.00512893, 0, 
0.143575, 0, 
0.0332395, 0, 
0.371855, 0, 
4.23461e-06, 0, 
0.000139723, 0, 
0.00459029, 0, 
0.130742, 0, 
0.0487182, 0, 
0.325162, 0, 
3.67286e-05, 0, 
0.00121062, 0, 
0.0384315, 0, 
0.361883, 0, 
6.82156e-06, 0, 
0.000225062, 0, 
0.00737375, 0, 
0.19202, 0, 
0.00689728, 0, 
0.182392, 0, 
0.00957119, 0, 
0.23218, 0, 
0.00163172, 0, 
0.0511051, 0, 
0.314744, 0, 
5.80436e-05, 0, 
0.00191189, 0, 
0.0593444, 0, 
0.276487, 0, 
0.000290054, 0, 
0.00948334, 0, 
0.230703, 0, 
0.00172418, 0, 
0.0538413, 0, 
0.302327, 0, 
9.90482e-05, 0, 
0.00325825, 0, 
0.0968596, 0, 
0.122694, 0, 
0.0613998, 0, 
0.266723, 0, 
0.000429679, 0, 
0.0139858, 0, 
0.294078, 0, 
0.000140346, 0, 
0.00461066, 0, 
0.131236, 0, 
0.0480204, 0, 
0.328114, 0, 
3.22108e-05, 0, 
0.00106186, 0, 
0.0338701, 0, 
0.37108, 0, 
4.39584e-06, 0, 
0.000145042, 0, 
0.00476423, 0, 
0.134939, 0, 
0.0430672, 0, 
0.34743, 0, 
1.34109e-05, 0, 
0.000442369, 0, 
0.0143929, 0, 
0.298666, 0, 
0.000115692, 0, 
0.00380372, 0, 
0.111112, 0, 
0.0846026, 0, 
0.164971, 0, 
0.0169971, 0, 
0.324073, 0, 
3.85439e-05, 0, 
0.00127038, 0, 
0.0402515, 0, 
0.356726, 0, 
8.70018e-06, 0, 
0.000287026, 0, 
0.00938525, 0, 
0.229041, 0, 
0.00183413, 0, 
0.0570729, 0, 
0.287239, 0, 
0.000186622, 0, 
0.00612184, 0, 
0.16598, 0, 
0.0164518, 0, 
0.319292, 0, 
4.75835e-05, 0, 
0.00156787, 0, 
0.0492058, 0, 
0.323072, 0, 
4.02883e-05, 0, 
0.0013278, 0, 
0.0419935, 0, 
0.351145, 0, 
1.12907e-05, 0, 
0.000372458, 0, 
0.0121455, 0, 
0.271084, 0, 
0.000360824, 0, 
0.0117705, 0, 
0.265925, 0, 
0.000443583, 0, 
0.0144319, 0, 
0.299095, 0, 
0.000113609, 0, 
0.0037355, 0, 
0.109358, 0, 
0.0886878, 0, 
0.149874, 0, 
0.0273969, 0, 
0.371669, 0, 
4.27273e-06, 0, 
0.000140981, 0, 
0.00463142, 0, 
0.131739, 0, 
0.0473195, 0, 
0.33103, 0, 
2.82748e-05, 0, 
0.000932224, 0, 
0.0298588, 0, 
0.373512, 0, 
3.90863e-06, 0, 
0.000128969, 0, 
0.00423844, 0, 
0.122093, 0, 
0.0624532, 0, 
0.261724, 0, 
0.000524031, 0, 
0.0170054, 0, 
0.324143, 0, 
3.84239e-05, 0, 
0.00126643, 0, 
0.0401314, 0, 
0.357088, 0, 
8.55332e-06, 0, 
0.000282182, 0, 
0.0092283, 0, 
0.226355, 0, 
0.00202598, 0, 
0.0626564, 0, 
0.26076, 0, 
0.000544356, 0, 
0.0176535, 0, 
0.329469, 0, 
3.03199e-05, 0, 
0.000999587, 0, 
0.0319474, 0, 
0.373006, 0, 
4.00548e-06, 0, 
0.000132164, 0, 
0.004343, 0, 
0.124685, 0, 
0.0580206, 0, 
0.282762, 0, 
0.000224472, 0, 
0.00735455, 0, 
0.191639, 0, 
0.00698838, 0, 
0.184259, 0, 
0.00898702, 0, 
0.222161, 0, 
0.002364, 0, 
0.0723218, 0, 
0.216022, 0, 
0.00295618, 0, 
0.0887361, 0, 
0.149702, 0, 
0.0275436, 0, 
0.37186, 0, 
4.23357e-06, 0, 
0.000139689, 0, 
0.00458917, 0, 
0.130714, 0, 
0.048757, 0, 
0.324996, 0, 
3.6999e-05, 0, 
0.00121952, 0, 
0.038703, 0, 
0.361161, 0, 
7.05885e-06, 0, 
0.000232889, 0, 
0.00762828, 0, 
0.197025, 0, 
0.005801, 0, 
0.158914, 0, 
0.020633, 0, 
0.349407, 0, 
1.2239e-05, 0, 
0.00040373, 0, 
0.013152, 0, 
0.284128, 0, 
0.000212203, 0, 
0.00695532, 0, 
0.183583, 0, 
0.00919461, 0, 
0.225774, 0, 
0.0020699, 0, 
0.0639244, 0, 
0.254759, 0, 
0.000688867, 0, 
0.0222368, 0, 
0.357326, 0, 
8.45839e-06, 0, 
0.000279051, 0, 
0.00912682, 0, 
0.224601, 0, 
0.00216138, 0, 
0.0665543, 0, 
0.242404, 0, 
0.00110931, 0, 
0.0353299, 0, 
0.368789, 0, 
4.90759e-06, 0, 
0.000161925, 0, 
0.00531591, 0, 
0.147917, 0, 
0.0291043, 0, 
0.373245, 0, 
3.95954e-06, 0, 
0.000130648, 0, 
0.00429341, 0, 
0.123458, 0, 
0.0600837, 0, 
0.272976, 0, 
0.000334351, 0, 
0.0109161, 0, 
0.253538, 0, 
0.000722445, 0, 
0.0232957, 0, 
0.361584, 0, 
6.91914e-06, 0, 
0.000228281, 0, 
0.00747844, 0, 
0.19409, 0, 
0.00642223, 0, 
0.172449, 0, 
0.0133233, 0, 
0.286235, 0, 
0.000194539, 0, 
0.00637994, 0, 
0.171546, 0, 
0.0137239, 0, 
0.291034, 0, 
0.000159396, 0, 
0.00523329, 0, 
0.146005, 0, 
0.0308637, 0, 
0.373489, 0, 
3.91306e-06, 0, 
0.000129115, 0, 
0.00424322, 0, 
0.122212, 0, 
0.0622438, 0, 
0.262717, 0, 
0.000503841, 0, 
0.0163608, 0, 
0.318467, 0, 
4.93352e-05, 0, 
0.00162549, 0, 
0.0509202, 0, 
0.315567, 0, 
5.60017e-05, 0, 
0.00184475, 0, 
0.0573838, 0, 
0.285772, 0, 
0.000198296, 0, 
0.00650236, 0, 
0.17415, 0, 
0.0125972, 0, 
0.277081, 0, 
0.000283134, 0, 
0.00925915, 0, 
0.226886, 0, 
0.00198663, 0, 
0.0615169, 0, 
0.266168, 0, 
0.00043931, 0, 
0.0142948, 0, 
0.297576, 0, 
0.000121142, 0, 
0.00398221, 0, 
0.115661, 0, 
0.074732, 0, 
0.205391, 0, 
0.00432518, 0, 
0.124245, 0, 
0.0587538, 0, 
0.279289, 0, 
0.000258779, 0, 
0.00846926, 0, 
0.212891, 0, 
0.00330968, 0, 
0.0982263, 0, 
0.11854, 0, 
0.069003, 0, 
0.231061, 0, 
0.00170128, 0, 
0.0531651, 0, 
0.305434, 0, 
8.67497e-05, 0, 
0.0028548, 0, 
0.0859724, 0, 
0.159798, 0, 
0.0200616, 0, 
0.346131, 0, 
1.42385e-05, 0, 
0.000469655, 0, 
0.0152674, 0, 
0.307939, 0, 
7.79109e-05, 0, 
0.00256466, 0, 
0.0779571, 0, 
0.191605, 0, 
0.00699652, 0, 
0.184425, 0, 
0.00893663, 0, 
0.221276, 0, 
0.00244191, 0, 
0.0745187, 0, 
0.206321, 0, 
0.00418494, 0, 
0.120759, 0, 
0.0648458, 0, 
0.250414, 0, 
0.000815558, 0, 
0.0262198, 0, 
0.369737, 0, 
4.68916e-06, 0, 
0.000154719, 0, 
0.00508051, 0, 
0.142441, 0, 
0.0344031, 0, 
0.370322, 0, 
4.55923e-06, 0, 
0.000150433, 0, 
0.00494044, 0, 
0.139139, 0, 
0.0380028, 0, 
0.362987, 0, 
6.4736e-06, 0, 
0.000213585, 0, 
0.00700028, 0, 
0.184502, 0, 
0.00891348, 0, 
0.220867, 0, 
0.00247863, 0, 
0.0755503, 0, 
0.201844, 0, 
0.00490165, 0, 
0.138219, 0, 
0.0390644, 0, 
0.360174, 0, 
7.39622e-06, 0, 
0.000244018, 0, 
0.00798994, 0, 
0.203973, 0, 
0.0045476, 0, 
0.129704, 0, 
0.050213, 0, 
0.318691, 0, 
4.88542e-05, 0, 
0.00160967, 0, 
0.0504501, 0, 
0.317647, 0, 
5.11382e-05, 0, 
0.0016848, 0, 
0.0526779, 0, 
0.307658, 0, 
7.88584e-05, 0, 
0.00259577, 0, 
0.078824, 0, 
0.187991, 0, 
0.00791781, 0, 
0.202602, 0, 
0.00477267, 0, 
0.135141, 0, 
0.0428099, 0, 
0.348338, 0, 
1.286e-05, 0, 
0.000424204, 0, 
0.01381, 0, 
0.292042, 0, 
0.000152824, 0, 
0.00501858, 0, 
0.140985, 0, 
0.0359507, 0, 
0.367618, 0, 
5.19096e-06, 0, 
0.000171273, 0, 
0.00562112, 0, 
0.154881, 0, 
0.0234363, 0, 
0.362094, 0, 
6.7538e-06, 0, 
0.000222827, 0, 
0.00730105, 0, 
0.190573, 0, 
0.00724875, 0, 
0.189527, 0, 
0.00751305, 0, 
0.194771, 0, 
0.00627279, 0, 
0.169248, 0, 
0.014795, 0, 
0.303027, 0, 
9.61423e-05, 0, 
0.00316295, 0, 
0.0943148, 0, 
0.130727, 0, 
0.0487385, 0, 
0.325075, 0, 
3.68702e-05, 0, 
0.00121528, 0, 
0.0385737, 0, 
0.361507, 0, 
6.94414e-06, 0, 
0.000229106, 0, 
0.00750526, 0, 
0.194618, 0, 
0.00630613, 0, 
0.169965, 0, 
0.0144529, 0, 
0.299326, 0, 
0.000112505, 0, 
0.00369931, 0, 
0.108425, 0, 
0.0909284, 0, 
0.142021, 0, 
0.0348434, 0, 
0.369627, 0, 
4.71415e-06, 0, 
0.000155543, 0, 
0.00510745, 0, 
0.143072, 0, 
0.0337507, 0, 
0.371237, 0, 
4.36271e-06, 0, 
0.000143949, 0, 
0.00472849, 0, 
0.134081, 0, 
0.0441728, 0, 
0.343407, 0, 
1.61362e-05, 0, 
0.000532221, 0, 
0.0172666, 0, 
0.326335, 0, 
3.48642e-05, 0, 
0.00114924, 0, 
0.0365546, 0, 
0.366373, 0, 
5.50956e-06, 0, 
0.000181784, 0, 
0.00596406, 0, 
0.162526, 0, 
0.0183874, 0, 
0.335057, 0, 
2.35906e-05, 0, 
0.000777904, 0, 
0.0250394, 0, 
0.367049, 0, 
5.33434e-06, 0, 
0.000176003, 0, 
0.00577548, 0, 
0.158345, 0, 
0.0210091, 0, 
0.35143, 0, 
1.11425e-05, 0, 
0.00036757, 0, 
0.011988, 0, 
0.268937, 0, 
0.000393292, 0, 
0.0128163, 0, 
0.279906, 0, 
0.00025234, 0, 
0.00826023, 0, 
0.209042, 0, 
0.00379889, 0, 
0.110988, 0, 
0.0848859, 0, 
0.163892, 0, 
0.0175983, 0, 
0.329031, 0, 
3.09198e-05, 0, 
0.00101934, 0, 
0.0325582, 0, 
0.372537, 0, 
4.09735e-06, 0, 
0.000135195, 0, 
0.00444217, 0, 
0.127127, 0, 
0.0540991, 0, 
0.301137, 0, 
0.000104189, 0, 
0.0034268, 0, 
0.10132, 0, 
0.109539, 0, 
0.08826, 0, 
0.151408, 0, 
0.0261229, 0, 
0.369546, 0, 
4.73254e-06, 0, 
0.00015615, 0, 
0.00512727, 0, 
0.143536, 0, 
0.0332786, 0, 
0.371811, 0, 
4.24362e-06, 0, 
0.00014002, 0, 
0.00460002, 0, 
0.130978, 0, 
0.0483838, 0, 
0.326582, 0, 
3.44839e-05, 0, 
0.00113671, 0, 
0.0361709, 0, 
0.367176, 0, 
5.302e-06, 0, 
0.000174936, 0, 
0.00574067, 0, 
0.157567, 0, 
0.0215331, 0, 
0.354076, 0, 
9.84932e-06, 0, 
0.000324925, 0, 
0.0106116, 0, 
0.248905, 0, 
0.000864549, 0, 
0.0277513, 0, 
0.372112, 0, 
4.18241e-06, 0, 
0.000138001, 0, 
0.00453397, 0, 
0.129371, 0, 
0.0506996, 0, 
0.316545, 0, 
5.3662e-05, 0, 
0.00176781, 0, 
0.0551264, 0, 
0.296369, 0, 
0.000127464, 0, 
0.00418919, 0, 
0.120866, 0, 
0.0646525, 0, 
0.251324, 0, 
0.000787312, 0, 
0.0253346, 0, 
0.367795, 0, 
5.14726e-06, 0, 
0.000169832, 0, 
0.00557406, 0, 
0.153817, 0, 
0.0242314, 0, 
0.364746, 0, 
5.95403e-06, 0, 
0.000196446, 0, 
0.00644208, 0, 
0.172871, 0, 
0.0131396, 0, 
0.283974, 0, 
0.000213558, 0, 
0.00699942, 0, 
0.184485, 0, 
0.00891875, 0, 
0.22096, 0, 
0.00247021, 0, 
0.075314, 0, 
0.202865, 0, 
0.00472872, 0, 
0.134086, 0, 
0.0441656, 0, 
0.343434, 0, 
1.61165e-05, 0, 
0.000531569, 0, 
0.0172458, 0, 
0.326163, 0, 
3.51322e-05, 0, 
0.00115806, 0, 
0.0368249, 0, 
0.365783, 0, 
5.66695e-06, 0, 
0.000186975, 0, 
0.00613338, 0, 
0.166231, 0, 
0.0163186, 0, 
0.318083, 0, 
5.01728e-05, 0, 
0.00165304, 0, 
0.0517376, 0, 
0.311913, 0, 
6.56357e-05, 0, 
0.00216144, 0, 
0.0665557, 0, 
0.242398, 0, 
0.0011096, 0, 
0.0353387, 0, 
0.368774, 0, 
4.91131e-06, 0, 
0.000162048, 0, 
0.00531991, 0, 
0.148009, 0, 
0.0290217, 0, 
0.3732, 0, 
3.96811e-06, 0, 
0.000130931, 0, 
0.00430266, 0, 
0.123688, 0, 
0.0596935, 0, 
0.274829, 0, 
0.000310215, 0, 
0.010136, 0, 
0.241433, 0, 
0.00115112, 0, 
0.0366123, 0, 
0.366249, 0, 
5.54233e-06, 0, 
0.000182865, 0, 
0.00599932, 0, 
0.163301, 0, 
0.0179355, 0, 
0.331672, 0, 
2.74727e-05, 0, 


, estimated mean, actual mean, estimated geometric mean, actual geometric mean, estimated harmonic mean, actual harmonic mean, estimated median, actual median, estimated midrange, actual midrange, estimated sample variance, actual sample variance, estimated sample deviation, actual sample deviation, estimated population variance, actual population variance, estimated population deviation, actual population deviation, estimated sample skewness, actual sample skewness, estimated population skewness, actual population skewness, covariance, sample covariance, estimated min, actual min, estimated max, actual max, sample Pearson Correlation Coefficient, population Pearson Correlation Coefficient, Mann Whiteny U Statistic, Mann-Whiteny-Wilcoxon Signed Ranks T Statistic, Spearman Rank Correlation Coefficient, Wilcoxon Signed Rank Test
k = 33,0.0937254,9.72656e-05,0.0079329,0,1.71998e+12,inf,0.0177033,0,0.186777,0.243164,0.0156128,4.7303e-05,0.124951,0.00687772,0.0156097,4.72935e-05,0.124939,0.00687703,1.10445,70.7107,1.10412,70.6895,-9.11626e-06,-9.11809e-06,3.84171e-09,0,0.373554,0.486328,-0.0106101,-0.0106101,5000,92.5364,0.0141393,0,
